Vis_450nm,Vis_500nm,Vis_550nm,Vis_570nm,Vis_600nm,Vis_650nm,Blood_Prediction
2396.582471,95.35937653,47.4335907,36.12616844,99.68647309,52.54620743,0
2592.402441,74.53141785,37.0109642,30.51070252,110.78517,53.74044037,0
2872.856494,76.36917877,38.92532349,31.63379517,122.2874558,60.66698532,0
2984.595654,69.22233276,36.58555069,27.70296898,134.5969177,58.75621491,0
2982.936133,70.24330902,38.92532501,29.3876091,131.5700012,59.71159973,0
3001.46709,70.65169831,38.4999115,29.76197357,132.1753845,59.95044708,0
3010.041114,71.87687531,38.92532501,30.13633805,132.9825623,61.14467697,0
3018.338623,72.28526611,39.13803177,30.32352028,134.7987122,61.86121673,0
3008.934815,72.28526459,38.71261826,29.94915581,131.9735901,61.38352356,0
3011.700635,72.6936554,38.92532425,30.32352028,133.9915344,62.33890991,0
3022.21084,72.89785309,40.2015625,31.07224922,132.377179,62.33890991,0
3020.551269,74.53141632,40.62697525,32.0081604,133.1843567,63.53314209,0
3025.253125,75.7565918,41.26509552,32.19534263,131.9735901,63.53314209,0
3024.7,78.20694122,41.69050904,33.50561676,139.4399841,64.48852539,0
3022.487305,75.14400635,41.05238876,32.19534263,132.1753845,63.53314209,0
3029.678467,75.34819947,41.05238876,32.19534263,133.9915344,63.29429626,0
3037.422803,73.91883087,41.47780228,32.0081604,134.7987122,62.5777565,0
3066.463916,73.30624237,41.69050904,31.44661369,136.2112732,61.86121673,0
3070.336035,77.18596039,42.11592255,33.13125267,135.6058899,64.24967956,0
3061.208789,75.34820251,40.62697525,32.0081604,136.4130676,63.77198791,0
1864.162231,172.1369476,30.84247017,37.06207962,86.97342377,52.06851425,0
1865.268554,158.2516419,30.84247017,35.56462097,87.37701264,51.35197449,0
1855.588183,154.3719269,30.41705666,35.19025726,86.77162934,51.35197449,0
1846.1844,155.8012909,29.77893639,34.81589355,86.16624603,51.35197449,0
1847.843897,148.2460571,29.56622963,34.6287117,88.78957367,51.35197449,0
1844.801489,147.0208832,29.35352287,34.25434646,87.1752182,51.35197449,0
1850.333154,144.1621399,29.56622963,33.87998123,86.77162933,51.35197449,0
1851.162866,142.7327728,29.56622963,34.06716461,88.78957367,51.35197449,0
1860.013476,140.2824188,29.77893639,33.69279861,87.57880707,51.35197449,0
1847.843872,144.1621429,28.92810936,33.87998123,86.16624603,51.35197449,0
1857.80083,134.7691406,28.92810936,32.94407119,87.37701264,51.35197449,0
1856.41792,138.8530518,29.14081612,33.3184349,88.58777924,51.35197449,0
1855.311597,134.9733337,28.92810936,33.13125305,88.78957367,51.35197449,0
1861.672974,132.727182,28.92810936,32.94407119,88.3859848,51.35197449,0
1858.077441,138.2404724,28.92810936,33.50561676,86.77162933,51.35197449,0
1853.6521,136.6069031,28.7154026,33.13125305,88.9913681,51.35197449,0
1858.630591,132.9313812,28.7154026,32.56970672,88.18419037,51.35197449,0
1849.779956,138.2404694,28.7154026,33.3184349,89.39495697,51.35197449,0
1851.439429,133.7481613,28.7154026,32.75688896,88.78957367,51.59082108,0
1851.162891,132.727182,28.7154026,32.5697071,87.37701263,51.35197449,0
1752.699683,41.86011124,15.31488132,15.16176014,84.1483017,42.51465912,0
1751.316772,43.08528519,15.52758789,15.16176014,81.52497406,42.27581329,0
1735.551587,44.31045914,15.31488132,15.53612461,83.5429184,43.47004471,0
1725.594653,45.94402313,14.88946819,15.91048908,83.13932953,44.18658447,0
1725.041504,46.3524147,15.10217476,15.91048908,83.74471283,44.18658447,0
1716.190894,46.96500397,15.10217476,16.09767113,82.93753509,44.18658447,0
1712.871924,46.7608078,14.88946819,16.47203522,81.72676849,44.18658447,0
1718.956689,46.96500321,15.74029445,16.28485317,83.94650726,44.18658447,0
1719.233301,46.55661163,15.52758789,16.47203522,82.3321518,44.18658447,0
1717.297217,46.96500397,15.52758789,16.65921726,82.73574066,44.18658447,0
1720.339624,46.7608078,15.10217476,16.28485317,83.5429184,44.18658447,0
1722.275659,46.7608078,15.31488132,16.28485317,87.7806015,44.18658447,0
1723.935156,46.35241547,15.74029445,15.91048908,81.72676849,43.94773788,0
1725.318066,46.1482193,15.74029445,16.47203522,82.13035736,43.94773788,0
1725.318066,46.35241547,15.95300102,16.28485317,83.5429184,43.94773788,0
1726.147803,45.94402389,15.31488132,16.09767113,81.52497406,43.70889129,0
1726.147827,46.1482193,15.52758789,16.09767113,83.34112396,43.70889129,0
1723.10542,46.35241547,15.74029445,16.65921726,82.73574066,44.18658447,0
1725.041504,46.35241547,15.95300102,16.28485317,81.92856293,44.18658447,0
1723.935132,46.7608078,15.95300102,16.65921726,82.73574066,44.18658447,0
2270.737646,58.60415726,28.28998909,16.84639931,100.4936508,26.03425789,0
2168.125781,63.30065537,26.8010418,16.84639931,104.5295395,30.81118545,0
2170.891553,62.27967834,26.58833504,16.84639931,105.9421005,30.33349304,0
2170.891602,62.27967834,26.58833504,16.65921726,103.9241562,29.85580063,0
2164.806787,62.27967834,26.58833504,16.84639931,104.5295395,30.09464684,0
2157.062451,62.27967834,26.58833504,16.65921726,104.5295395,29.85580063,0
2161.764404,62.07548294,26.58833504,16.47203522,107.7582504,29.61695404,0
2165.08335,62.27967834,26.58833504,16.47203522,105.3367172,29.85580063,0
2160.934668,61.87128753,26.58833504,16.47203522,108.7672241,29.85580063,0
2163.423877,62.27967834,26.58833504,16.47203522,103.3187729,29.85580063,0
2163.423877,62.27967834,26.58833504,16.84639931,104.3277451,29.85580063,0
2155.402978,62.07548294,26.58833504,16.28485317,104.9331283,29.85580063,0
2158.722021,62.07548294,26.58833504,16.47203522,105.7403061,30.09464684,0
2148.765039,62.27967834,26.58833504,16.47203522,103.9241562,30.33349304,0
2147.935254,62.27967834,26.58833504,16.47203522,106.143895,31.05003166,0
2152.360596,62.07548294,26.58833504,16.28485317,105.5385117,30.57233925,0
2142.403613,62.07548294,26.58833504,15.91048908,107.3546631,30.33349304,0
2147.658691,62.27967834,26.58833504,16.47203522,104.9331284,31.05003166,0
2150.147998,62.27967834,26.58833504,16.28485317,104.9331284,30.57233925,0
2150.424561,62.27967834,26.58833504,16.28485317,105.7403061,31.05003166,0
1744.125635,106.3859421,18.29277535,25.83114662,94.84340668,56.12890244,0
1816.313525,77.79854736,18.08006859,21.5259552,98.47570648,55.65121079,0
1784.230029,77.59435272,18.08006859,21.5259552,101.9062134,56.12890244,0
1777.592065,79.43211212,18.08006859,21.90031967,98.47570648,56.12890244,0
1763.209815,81.2698761,18.08006859,22.46186638,99.68647309,56.12890244,0
1762.656665,80.45309143,18.08006859,22.27468414,97.46673431,56.12890244,0
1760.720557,80.86148376,18.08006859,22.08750191,99.28288423,56.12890244,0
1751.04021,82.90344086,18.08006859,22.46186638,97.26493988,56.12890244,0
1734.445288,84.94539795,18.08006859,22.46186638,98.47570649,56.12890244,0
1738.594019,83.51602631,18.08006859,22.46186638,97.06314545,56.12890244,0
1722.828858,83.51602631,17.44194832,22.08750191,97.46673432,56.12890244,0
1715.63772,82.49504852,17.01653481,21.5259552,97.46673432,56.12890244,0
1707.063696,82.90344086,17.01653481,21.90031967,97.26493988,56.12890244,0
1698.766235,82.08665619,17.22924157,21.71313744,100.090062,56.12890244,0
1697.106738,84.33280945,17.01653481,21.90031967,98.27391205,56.12890244,0
1712.31875,81.88246307,17.65465508,21.90031967,97.66852876,56.12890244,0
1693.511157,88.41672058,17.01653481,22.46186638,98.27391206,56.36774903,0
1693.511157,85.55798492,17.01653481,22.08750191,97.06314545,56.12890244,0
1688.53269,85.76217804,17.01653481,22.08750191,97.06314545,56.12890244,0
1674.427026,86.57896271,17.01653481,22.46186638,97.66852875,56.12890244,0
1444.310815,60.44191742,15.95300102,14.4130312,80.51599884,44.66427765,0
1382.356494,60.85030823,15.52758789,13.85148449,82.13035736,45.38081665,0
1361.612842,60.23772125,15.10217476,13.85148449,81.32317658,45.14197082,0
1374.33562,59.62513428,15.31488132,13.85148449,81.52497406,44.66427765,0
1359.400195,59.42093887,15.10217476,13.85148449,81.12138367,45.38081741,0
1353.591992,60.03352509,14.88946819,14.03866673,81.9285614,45.38081741,0
1344.741309,60.23772049,14.88946819,14.03866673,81.52497253,45.14197082,0
1343.08186,60.23772049,15.10217476,14.03866673,81.52497253,45.38081741,0
1345.571094,59.62513428,14.88946819,13.66430226,81.3231781,44.66427765,0
1335.890723,60.23772049,14.88946819,14.03866673,80.51599731,45.38081741,0
1342.528687,59.42093887,14.88946819,13.85148449,80.91958771,44.66427765,0
1301.317993,59.62513428,15.95300102,13.85148449,76.48010559,42.75350494,0
1301.041406,57.78737411,15.10217476,13.10275555,77.28728332,42.51465835,0
1268.404736,57.99156952,14.88946819,13.10275555,76.48010712,42.51465835,0
1275.872485,57.37898254,14.88946819,13.10275555,76.48010559,42.51465835,0
1262.596533,57.99157028,14.88946819,13.10275555,76.68190002,42.51465835,0
1270.340796,57.37898254,14.88946819,13.10275555,77.08548889,42.27581177,0
1262.043335,57.99157028,14.88946819,13.10275555,76.27831116,42.51465835,0
1259.000952,57.99157028,14.88946819,13.10275555,78.09446259,42.75350494,0
1261.766773,57.99156952,14.88946819,13.10275555,77.28728485,42.75350494,0
1774.549682,84.74120025,29.14081612,26.39269333,77.08548889,44.18658447,0
1777.868677,89.64189605,29.77893639,27.14142227,77.89266663,44.90312423,0
1768.464844,94.13420258,29.77893639,27.89015121,79.70881805,44.90312423,0
1769.571216,95.76776886,29.77893639,28.07733345,78.49805145,45.38081741,0
1765.422461,98.0139206,29.77893639,28.07733345,78.09446258,45.38081741,0
1765.975635,96.99294129,29.77893639,28.26451569,78.09446106,45.38081741,0
1760.997144,100.4642685,29.56622963,28.45169792,78.69984589,45.38081741,0
1757.678198,100.6684662,29.77893639,28.26451569,76.88369446,45.38081741,0
1757.125025,105.9775513,29.77893639,29.01324463,76.27831116,45.38081741,0
1761.550342,107.6111176,30.2043499,29.57479134,77.08548889,45.38081741,0
1766.528808,112.9202042,30.84247017,29.94915581,78.09446106,45.38081741,0
1760.720557,115.3705521,30.62976341,30.32352028,77.48907776,45.38081741,0
1760.167407,113.9411819,30.41705666,30.13633805,79.30522919,45.38081741,0
1767.635156,112.5118134,30.84247017,29.94915581,78.90164184,45.38081741,0
1769.294629,115.1663559,30.84247017,30.69788475,77.48907776,45.38081741,0
1767.635132,115.370552,30.84247017,30.69788475,78.29625702,45.38081741,0
1766.805347,118.4334869,30.84247017,30.88506699,77.89266662,45.38081741,0
1765.975635,118.4334854,30.84247017,30.88506699,79.10343628,45.38081741,0
1758.231348,118.0250961,30.62976341,30.69788475,78.09446259,45.38081741,0
1758.784521,124.967749,31.26788292,31.63379593,77.08548889,45.38081741,0
1527.562012,75.7565918,32.75682907,25.26959991,67.19756164,38.69311676,0
1523.413257,79.02372131,32.1187088,25.45678215,66.99576721,39.40965652,0
1522.860083,79.63630829,32.1187088,25.45678215,69.01371155,39.40965652,0
1517.605054,80.6572876,31.69329567,25.45678215,67.60115051,38.93196334,0
1519.541113,81.26987457,31.69329567,25.45678215,68.61012268,39.40965652,0
1519.264527,81.88246155,31.26788292,25.64396438,68.00473938,39.40965652,0
1523.689844,79.02372284,31.90600204,25.45678215,68.00473938,38.69311676,0
1523.966431,77.39015503,31.69329567,25.26959991,67.60115051,38.45427017,0
1532.540478,74.12302399,32.96953583,24.70805321,66.79397277,37.49888458,0
1534.199976,64.73002472,33.18224259,23.39777756,67.60115051,35.82696152,0
1532.540454,71.2642868,32.5441227,24.70805321,66.99576721,37.7377304,0
1528.944898,74.12302704,31.05517616,24.52087097,71.23345184,38.21542358,0
1533.923389,78.61533203,31.69329567,25.45678215,67.80294494,39.17080993,0
1537.51897,80.04470062,31.69329567,25.83114662,68.61012268,39.40965652,0
1535.859473,85.76217956,32.54412231,26.7670578,68.20653381,39.8873497,0
1537.518945,95.15518188,34.88389663,28.82606239,67.19756164,39.8873497,0
1535.859448,98.83070526,35.94743042,29.01324463,66.99576721,40.12619629,0
1535.029712,98.21811676,37.86179123,29.76197357,67.80294495,39.40965652,0
1530.327807,98.83070374,37.22367096,29.57479134,66.18858948,39.40965652,0
1525.625903,104.1397904,37.64908447,30.32352028,67.19756165,39.8873497,0
1428.269092,50.43633041,22.33420181,16.28485317,75.87472229,41.55927277,0
1403.929883,50.64052582,22.33420181,15.72330684,76.07651672,41.55927277,0
1375.71853,48.80276489,21.48337479,14.78739567,76.07651672,41.32042694,0
1366.867895,49.82374344,21.48337479,15.34894237,77.28728332,41.79811859,0
1368.804004,50.43632965,21.9087883,15.53612461,75.67292786,41.79811859,0
1377.378003,50.64052505,22.33420181,15.91048908,75.87472229,41.79811859,0
1376.824854,51.25311279,22.12149505,15.91048908,78.49804993,42.27581177,0
1372.95271,51.25311203,21.9087883,15.91048908,76.48010559,42.75350494,0
1374.888794,51.04891662,21.9087883,15.53612461,75.67292786,42.03696518,0
1368.25083,50.64052582,21.69608154,15.53612461,76.27831116,42.03696518,0
1370.463477,50.23213424,21.48337479,15.34894237,77.08548889,41.79811859,0
1373.505884,51.25311203,21.69608154,15.72330684,76.48010559,42.75350494,0
1379.590649,48.59856949,21.27066803,14.9745779,78.09446259,41.79811859,0
1369.63374,49.21115646,21.27066803,14.9745779,76.27831116,42.27581177,0
1367.421069,49.21115646,21.27066803,14.60021343,77.08548889,42.03696518,0
1358.017285,49.61954803,21.27066803,14.9745779,78.49805145,42.03696518,0
1354.698315,49.0069603,21.27066803,14.60021343,77.48907776,42.03696518,0
1371.016626,47.98598175,21.27066803,14.4130312,77.69087219,41.55927277,0
1380.697021,47.78178635,21.27066803,14.4130312,76.68190002,41.32042694,0
1455.374146,46.96500321,22.33420181,14.78739567,78.09446106,41.08158112,0
2137.148535,46.7608078,74.23463287,26.7670578,85.9644516,18.39117298,0
2317.756592,60.03352585,44.24299049,24.52087097,99.48467866,39.88734932,0
2334.074854,67.18037262,33.18224258,23.77214203,106.5474838,46.81389389,0
2214.591553,67.38456955,31.90600319,21.90031986,104.3277451,47.05274048,0
1874.395752,58.19576568,23.3977356,14.03866673,106.7492783,42.75350571,0
1931.371631,55.33702621,22.54690857,13.47712002,104.5295395,39.64850311,0
1951.00896,54.52024307,22.12149505,13.28993779,105.5385117,39.40965652,0
1951.00896,54.72443924,21.69608154,13.10275555,104.9331284,39.8873497,0
1942.988062,55.13283157,21.9087883,13.28993779,103.9241562,40.60388947,0
1938.839331,54.52024307,21.27066803,13.10275555,106.143895,41.08158112,0
1915.053296,54.72443924,21.27066803,13.10275555,105.7403061,41.32042694,0
1900.947632,54.52024307,21.27066803,13.10275555,103.9241562,41.08158112,0
1916.712769,54.72443924,21.27066803,13.10275555,105.7403061,41.55927277,0
1895.415991,55.33702697,21.27066803,13.10275555,105.5385117,42.03696518,0
1895.969165,55.33702697,21.27066803,13.10275555,105.5385117,42.75350494,0
1890.714087,55.13283157,21.27066803,13.28993779,105.3367172,42.75350494,0
1900.117847,56.15380859,21.27066803,13.28993779,104.3277451,42.99235153,0
1920.031763,55.54122238,21.27066803,13.28993779,104.7313339,42.99235153,0
1915.053271,56.35800399,21.27066803,13.66430226,104.7313339,42.99235153,0
1914.223535,56.15380859,21.27066803,13.47712002,105.3367172,42.99235153,0
2303.92749,120.6796402,48.07171173,22.83623085,98.47570649,20.30194397,0
2287.055957,119.8628555,47.2208847,22.64904862,98.87929535,21.01848335,0
2315.543896,122.5173996,46.79547119,23.02341309,103.5205673,22.92925491,0
2306.416748,122.5173996,44.66840363,23.21059532,103.5205673,25.79541168,0
2281.247803,121.4964218,44.24299011,23.02341309,101.7044174,26.27310409,0
2280.69458,121.4964218,44.66840363,23.39777756,102.915184,26.98964347,0
2284.013623,121.2922256,45.51923065,23.5849598,103.1169785,26.27310448,0
2299.225586,123.9467697,44.66840363,23.5849598,101.7044174,27.94502945,0
2290.09834,122.5173996,43.8175766,23.39777756,102.3098007,27.70618286,0
2286.779395,121.9048141,44.66840363,23.39777756,101.502623,26.98964309,0
2282.907275,122.5174011,44.24299011,23.39777756,102.5115952,27.94502907,0
2261.610498,121.0880295,44.24299011,23.21059532,100.4936508,26.75079727,0
2264.929443,120.8838333,44.66840363,23.39777756,99.88826751,27.22849006,0
2251.100293,120.0670532,44.03028336,22.83623085,99.48467866,26.5119503,0
2257.738281,120.6796372,43.8175766,23.21059532,101.7044174,27.46733665,0
2252.759863,120.0670517,43.8175766,22.83623085,100.4936508,26.98964309,0
2259.397852,120.8838333,44.03028336,23.39777756,102.915184,27.46733665,0
2265.482568,121.700618,43.39216308,23.21059532,102.1080063,28.42272186,0
2255.802148,121.2922256,43.60486984,23.02341309,101.0990341,28.18387527,0
2264.929395,121.9048141,43.8175766,23.39777756,101.0990341,28.90041428,0
1617.451147,76.16498413,32.54412231,25.45678215,72.44421692,40.12619629,0
1625.19541,80.86148376,33.18224259,26.57987556,74.05857239,40.36504288,0
1639.301099,80.04470062,34.03306961,26.20551109,74.26036682,39.8873497,0
1641.790357,82.29085236,34.67118988,26.95424003,74.46216125,40.36504288,0
1645.109351,76.16498413,34.45848312,26.20551109,75.26933899,39.40965652,0
1644.003027,79.22791748,34.45848312,26.95424003,74.26036682,40.12619629,0
1644.27959,79.22791901,34.67118988,26.39269333,74.66395569,39.64850311,0
1642.343506,83.92441864,34.67118988,27.70296898,73.85677795,40.36504288,0
1649.534668,82.08665771,35.09660339,27.32860451,74.26036682,40.12619629,0
1643.449829,88.82511444,34.88389663,28.07733345,74.05857239,40.60388947,0
1644.556177,91.88804931,35.09660339,29.01324463,74.26036682,41.55927277,0
1637.918189,94.9509842,34.45848312,28.63888016,74.26036682,41.55927277,0
1647.875122,88.82511444,35.09660339,28.45169792,75.26933899,41.08158112,0
1650.364405,86.78315735,34.67118988,27.89015121,77.08549042,40.84273529,0
1652.023901,93.11322479,35.52201691,29.01324463,75.06754455,41.55927277,0
1660.874487,81.06567841,35.30931015,27.14142227,75.87472229,40.36504288,0
1660.597925,88.21252899,35.94743042,28.45169792,74.26036682,41.08158112,0
1667.235889,82.29085235,36.37284393,27.70296898,75.87472229,40.36504288,0
1666.682691,84.53700409,35.94743042,27.89015121,76.27831116,40.60388947,0
1672.490967,82.69924469,37.0109642,28.26451569,74.66395569,40.12619629,0
2023.749976,256.2655609,43.60486984,47.16992035,104.5295395,64.48852539,0
2041.727832,274.0305847,45.3065239,48.85456009,106.7492782,65.20506745,0
2106.171387,242.3802551,45.73193741,46.98273773,112.1977295,64.48852539,0
2077.960107,254.8361908,45.73193741,48.10583267,109.3726059,65.20506745,0
2071.045508,275.4599548,45.73193741,49.22892532,108.3636337,65.68276215,0
2095.661279,263.8207977,46.15735092,49.04174271,108.3636337,65.68276215,0
2094.831494,258.5117127,45.73193741,48.29301376,108.969017,65.68276215,0
2192.188379,218.6935608,49.77336426,44.54936981,109.5744004,60.66698609,0
2263.269922,150.9005951,53.81479111,38.18517303,105.9421005,50.15774383,0
2123.04292,192.7607086,43.8175766,40.8057251,109.7761948,62.5777565,0
2256.355371,149.4712311,49.13524551,34.25434647,107.1528671,48.24697342,0
2201.038965,160.0894043,45.30652389,34.62871094,111.7941422,52.78505402,0
2249.440771,136.1985107,47.85900497,31.25943107,105.1349228,41.79812012,0
2274.609766,137.4236847,48.07171173,30.69788475,106.7492783,40.84273376,0
2283.4604,142.1201843,48.92253876,33.13125305,107.556456,46.09735489,0
2294.800293,142.5285751,49.34795227,31.63379516,106.3456894,41.79811936,0
2302.268018,141.9159882,48.709832,33.13125343,107.1528672,46.09735489,0
2267.971826,153.9635315,47.2208847,35.00307541,108.3636337,52.30736084,0
2281.247754,144.7747314,48.28441849,32.00816002,108.3636337,44.18658371,0
2279.035156,143.1411652,47.43359146,32.38252449,106.9510727,46.33620224,0
3544.674072,354.6878662,64.45012665,72.62670441,165.4714783,99.59894866,0
3589.756934,296.2879089,62.7484726,66.07532425,170.7181366,98.88240966,0
3421.318555,215.8348175,66.36448593,55.78030243,159.821228,84.79047089,0
3571.779053,172.3411407,60.83411331,51.84947663,162.8481445,85.98470306,0
3606.075147,163.9691223,58.28163223,49.22892532,170.7181366,85.02931976,0
3622.393555,166.4194672,58.28163223,49.04174347,166.8840424,85.98470154,0
3664.987158,157.230661,59.55787201,47.91864929,165.2696869,82.40200806,0
3659.732129,161.9271637,57.43080521,47.91864929,169.50737,84.79047089,0
3650.881445,158.4558349,58.06892548,47.35710297,172.9378753,83.11854553,0
3627.648681,152.9425537,57.00539169,46.42119217,168.2966034,82.16316223,0
3669.689112,158.455835,56.15456467,46.23400955,169.1037811,84.07393188,0
3609.394239,155.8012939,56.57997818,46.0468277,168.2966034,82.87970276,0
3480.506982,156.0054901,55.5164444,46.23400955,161.0319977,81.20777588,0
3567.35376,147.0208801,56.15456467,43.80064011,162.2427643,77.86392517,0
3636.222656,147.8376617,57.21809845,45.11091538,165.6732758,80.01354523,0
3626.265625,144.9789245,54.45291061,43.23909378,167.2876312,80.01354523,0
3639.54165,139.8740356,55.09103088,42.49036484,168.2966034,77.1473877,0
3576.757569,142.5285736,52.96396484,41.74163513,171.3235199,78.81931153,0
3585.054932,129.8684433,56.15456467,39.86981354,165.0678925,69.98199615,0
3472.486133,123.3341827,55.5164444,38.37235565,158.2068695,65.44391174,0
2325.224316,163.56073,56.15456467,40.05699539,104.7313339,52.78505478,0
2381.09375,147.0208832,56.15456467,35.93898621,108.3636337,46.57504883,0
2382.75332,145.59151,54.45291061,35.19025726,109.5744019,45.8585083,0
2379.434424,147.2250763,54.24020386,35.56462097,111.9959366,47.05274048,0
2403.496972,144.5705292,54.45291061,35.00307541,111.9959351,45.61966247,0
2417.879199,143.3453583,53.17667084,34.25434646,113.4085007,45.61966247,0
2434.750781,142.7327728,52.96396408,34.44152908,113.2067032,45.38081741,0
2463.238721,137.6278794,51.26231155,33.69280014,116.2336243,45.85850906,0
2455.217822,133.7481598,51.0496048,33.3184349,117.2425964,45.14197082,0
2453.558301,132.9313797,49.77336426,32.38252411,117.2425949,46.33620148,0
2462.96211,119.0460724,46.58276444,30.51070252,118.6551575,45.38081589,0
2444.984277,117.4125076,46.58276443,29.94915581,116.8390076,43.23119888,0
2407.092578,111.6950302,43.60487061,27.70296898,117.2425964,40.6038887,0
2401.837451,107.2027237,42.3286293,26.57987556,117.8479797,39.64850311,0
2407.369092,108.836293,44.88111038,27.32860451,118.453363,38.69311752,0
2427.283057,108.6320953,44.88111038,27.32860451,116.4354187,38.93196335,0
2439.176074,107.611116,44.66840363,27.32860451,115.426445,37.73773117,0
2411.241309,108.223706,42.75404358,26.57987556,118.453363,39.64850311,0
2416.772949,111.6950302,45.51923065,28.26451569,117.2425964,40.84273453,0
2412.62417,115.983139,46.37005768,29.01324463,118.453363,41.32042694,0
1119.327051,84.53700562,22.33420181,21.90031967,51.45759201,31.05003166,1
1127.347949,88.82511291,22.33420181,22.46186638,53.07194748,31.05003166,1
1133.156201,91.27546081,22.33420181,22.46186638,52.06297531,31.52772408,1
1141.177051,94.54259338,22.75961533,23.02341309,53.07194748,32.2442627,1
1117.390967,88.21252899,21.69608154,21.71313744,53.07194748,31.05003166,1
1124.028979,91.07126465,21.27066803,22.27468414,54.08092041,31.28887787,1
1126.518213,89.43769989,21.48337479,21.90031967,53.27374191,31.05003166,1
1131.220068,90.25448456,21.9087883,22.27468414,53.47553634,31.76657028,1
1132.326416,90.66287689,21.48337479,22.46186638,53.27374191,32.00541649,1
1131.773242,93.31741943,21.69608154,22.64904862,53.07194748,32.2442627,1
1133.709351,92.90902557,21.9087883,22.46186638,54.48450851,32.2442627,1
1131.49668,91.27546234,21.27066803,22.46186638,53.67733078,31.52772408,1
1131.220093,90.25448303,22.33420181,22.46186638,51.86118088,31.52772408,1
1132.87959,92.50063629,22.33420181,22.46186638,53.47553635,32.00541649,1
1128.730859,92.70483093,21.9087883,22.46186638,53.87912521,31.28887787,1
1140.623877,88.00832977,22.54690857,22.46186638,53.07194748,31.05003166,1
1137.858057,87.59994049,22.54690857,22.46186638,53.47553635,31.28887787,1
1132.049853,88.82511291,22.33420181,22.46186638,53.47553634,31.28887787,1
1132.879614,90.05028839,22.33420181,22.46186638,53.27374191,31.05003166,1
1130.666919,90.86707153,22.33420181,22.46186638,53.27374191,31.05003166,1
909.1248047,67.38457032,16.16570778,17.22076378,42.1750473,25.07887268,1
914.1032837,67.99715729,17.22924156,17.78231049,42.78043137,25.07887268,1
915.209607,62.68806839,17.44194832,17.22076378,41.97325363,25.07887268,1
917.1456909,59.62513504,17.22924157,17.22076378,41.97325363,24.84002609,1
914.1032837,66.56778717,16.59112129,17.59512825,42.78043137,25.07887268,1
911.890625,65.34261322,16.80382805,17.22076378,41.56966476,25.07887268,1
909.1247925,65.95520172,16.16570778,17.03358155,42.17504806,25.07887268,1
911.3374634,65.34261322,16.37841454,17.03358155,41.56966476,25.07887268,1
911.6140503,64.73002472,16.37841454,16.84639931,42.17504807,25.07887268,1
912.7203979,64.73002472,17.01653481,16.84639931,41.36787033,25.07887268,1
911.8906372,63.91324158,17.01653481,16.84639931,41.97325363,25.07887268,1
911.6140503,64.32163239,16.59112129,16.84639931,42.17504807,25.07887268,1
911.6140503,62.89226456,16.80382805,16.84639931,41.97325363,25.07887268,1
912.1672241,63.91324158,16.59112129,16.84639931,41.7714592,25.07887268,1
912.9969604,63.91324158,17.01653481,16.84639931,41.97325363,25.07887268,1
914.3798584,62.68806915,17.01653481,16.84639931,41.56966476,25.07887268,1
914.9330323,62.68806915,17.01653481,16.84639931,41.56966476,25.07887268,1
914.3798584,62.27967834,17.01653481,16.84639931,41.7714592,25.07887268,1
915.4862061,62.48387375,17.01653481,16.84639931,42.3768425,25.07887268,1
915.4862061,61.87128753,17.01653481,16.84639931,41.36787033,25.07887268,1
1022.246826,39.81815415,18.71818886,16.65921726,48.02708664,26.27310371,1
1015.608863,45.12724228,18.5054821,17.59512825,46.81632004,26.5119503,1
1012.013293,47.16919861,18.29277535,17.59512825,46.6145256,26.27310371,1
1013.672791,46.96500397,18.5054821,17.78231049,47.62349777,26.27310371,1
1012.84303,46.1482193,18.29277535,17.78231049,46.0091423,26.27310371,1
1014.502515,46.35241547,18.29277535,17.78231049,47.01811447,26.27310371,1
1013.672766,46.1482193,18.29277535,17.78231049,46.81632004,26.27310371,1
1013.949366,46.1482193,18.08006859,17.78231049,46.21093674,26.27310371,1
1015.608838,45.73982773,18.08006859,17.78231049,46.81632004,26.27310371,1
1017.268359,45.73982773,18.08006859,17.59512825,46.41273117,26.27310371,1
1017.544934,45.12724151,18.08006859,17.59512825,46.21093674,26.27310371,1
1018.374671,44.92304611,18.29277535,17.40794602,46.0091423,26.27310371,1
1018.098108,45.33143692,18.08006859,17.59512825,47.01811447,26.27310371,1
1019.204419,45.33143692,18.08006859,17.22076378,47.82529221,26.27310371,1
1019.480994,45.94402313,18.08006859,17.40794602,48.43067551,26.5119503,1
1019.757593,45.12724151,18.08006859,17.03358155,47.01811447,26.27310371,1
1020.863904,45.33143692,18.08006859,17.22076378,48.63246994,26.5119503,1
1021.417065,45.53563232,18.08006859,17.03358155,46.6145256,26.5119503,1
1020.863916,45.33143692,18.08006859,17.03358155,47.42170334,26.27310371,1
1020.863916,45.53563232,18.08006859,17.03358155,47.01811447,26.5119503,1
908.0184815,53.49926453,19.7817215,16.84639931,42.78043136,23.88463974,1
907.4653198,55.54122162,20.20713501,16.84639931,42.9822258,24.36233292,1
911.0608765,53.09087296,20.84525452,16.84639931,43.38581467,23.88463974,1
912.1672119,52.06989594,21.48337479,16.84639931,41.97325363,23.88463974,1
914.9330323,51.45730896,21.27066803,16.84639931,43.38581467,23.88463974,1
914.3798706,53.90765686,21.27066803,17.22076378,42.9822258,23.88463974,1
913.5501221,54.72443924,21.27066803,17.59512825,41.97325363,23.88463974,1
916.0393433,52.47828674,21.27066803,17.03358155,42.1750473,23.88463974,1
913.826709,52.68248291,21.27066803,16.84639931,42.9822258,23.88463974,1
912.443811,52.88667832,21.27066803,16.84639931,43.18402023,23.88463974,1
912.1672241,52.0698967,21.27066803,16.84639931,43.5876091,23.88463974,1
912.7203979,51.25311279,21.48337479,16.84639931,42.78043137,23.88463974,1
912.7203979,51.04891586,21.9087883,16.84639931,42.57863693,23.88463974,1
913.2735473,52.68248215,21.48337479,16.84639931,42.3768425,23.88463974,1
914.3798584,52.47828751,21.27066803,17.03358155,42.57863693,23.88463974,1
914.9330323,51.66150436,22.12149505,16.84639931,42.57863693,23.88463974,1
915.209607,51.66150436,22.12149505,16.84639931,43.18402023,23.88463974,1
914.9330323,51.25311279,22.12149505,16.84639931,42.3768425,23.88463974,1
914.1032715,51.25311203,22.33420181,16.84639931,42.78043137,23.88463974,1
915.2096192,51.66150436,21.69608154,16.84639931,42.57863693,23.88463974,1
981.0361084,50.02793884,11.6988678,13.10275555,50.04503097,27.94502907,1
982.4190308,50.64052505,11.6988678,12.35402661,51.45759201,28.66156769,1
979.9297851,49.82374344,11.6988678,12.16684437,51.65938644,28.66156769,1
965.8241089,52.2740921,11.06074753,12.35402661,51.25579758,28.66156769,1
965.5475098,51.66150436,11.06074753,12.16684437,50.85220871,28.66156769,1
970.8025635,51.4573082,11.27345428,12.16684437,51.25579758,28.66156769,1
973.0152344,51.86570053,11.6988678,12.16684437,51.45759201,28.66156769,1
973.0152344,51.66150436,11.6988678,12.16684437,51.86118088,28.66156769,1
973.8449829,51.25311279,11.6988678,12.16684437,52.26477051,28.66156769,1
976.8873779,51.4573082,11.6988678,12.35402661,52.87015381,28.66156769,1
979.1000366,51.04891586,11.6988678,12.16684437,50.65041427,28.66156769,1
982.1424316,51.25311203,11.6988678,12.54120884,52.06297531,28.66156769,1
984.6316895,51.66150436,11.6988678,13.10275555,51.65938644,28.66156769,1
983.2487671,51.04891586,11.6988678,12.54120884,52.06297531,28.66156769,1
984.6316895,51.04891586,11.6988678,12.35402661,51.65938644,28.66156769,1
986.2911743,51.04891586,11.6988678,12.54120884,51.65938644,28.66156769,1
985.7380005,51.04891586,11.6988678,12.72839108,51.25579758,28.66156769,1
983.8019165,51.04891586,11.6988678,12.54120884,51.45759201,28.66156769,1
985.7380127,51.4573082,11.6988678,13.10275555,51.86118088,28.66156769,1
984.0785156,51.25311203,11.6988678,12.72839108,51.45759201,28.66156769,1
915.762793,33.48808823,10.63533401,9.359110832,47.21990891,25.07887268,1
922.6773193,33.69228363,10.63533401,9.546293068,47.62349777,25.07887268,1
928.7621338,33.07969742,10.63533401,9.359110832,48.02708664,24.6011795,1
929.0387085,32.67130661,10.63533401,9.359110832,46.6145256,24.36233292,1
929.0387207,32.67130661,10.63533401,9.359110832,48.22888107,25.07887268,1
930.4216065,32.67130661,10.63533401,9.359110832,48.02708664,25.07887268,1
929.5918579,32.67130661,10.84804077,9.359110832,47.82529221,24.84002609,1
930.4216186,32.67130661,10.84804077,9.359110832,47.62349777,25.07887268,1
932.910852,32.67130661,10.63533401,9.359110832,47.01811447,23.88463974,1
930.9747803,32.67130661,10.84804077,9.359110832,48.22888107,24.36233292,1
930.1450439,32.67130661,10.63533401,9.359110832,47.42170334,24.36233292,1
930.1450196,32.67130661,10.84804077,9.359110832,47.42170334,24.12348633,1
930.1450318,32.67130661,11.06074753,9.359110832,47.42170334,24.12348633,1
928.4855468,32.67130661,10.63533401,9.359110832,47.42170334,23.88463974,1
928.4855468,32.67130661,11.06074753,9.359110832,48.02708664,24.6011795,1
929.3152832,32.67130661,10.63533401,9.359110832,47.62349777,24.36233292,1
930.9747803,32.67130661,10.84804077,9.359110832,48.02708664,23.88463974,1
932.3576904,32.67130661,11.06074753,9.359110832,47.82529221,23.88463974,1
932.3576782,32.67130661,10.84804077,9.359110832,46.81632004,23.88463974,1
932.3576661,32.67130661,11.27345428,9.359110832,47.42170334,23.88463974,1
348.2166443,18.7860012,25.52480316,12.16684437,13.31843586,3.343849564,1
346.5571594,18.78600082,25.52480316,12.16684437,13.31843567,3.343849564,1
345.727417,18.37760925,25.52480316,12.16684437,13.72202492,3.343849564,1
344.0679321,18.37760925,25.3120964,12.16684437,13.31843567,2.388463974,1
342.1318481,18.37760925,25.3120964,12.16684437,13.31843567,2.388463974,1
342.1318481,18.17341385,24.88668289,12.16684437,13.11664123,2.627310371,1
341.8552612,17.96921844,24.67397614,12.16684437,12.9148468,2.388463974,1
342.685022,17.35663223,25.09938965,11.97966213,13.11664123,2.627310371,1
345.727417,17.35663223,25.3120964,12.16684437,13.31843567,2.388463974,1
346.0039978,17.35663223,25.52480316,12.16684437,12.91484661,2.388463974,1
344.6210937,17.35663223,25.09938965,11.7924799,13.11664104,2.388463974,1
341.8552612,17.35663223,25.3120964,11.23093319,13.31843567,2.388463974,1
342.4084351,17.15243645,25.52480316,11.23093319,12.91484661,2.388463974,1
342.1318481,17.15243645,24.67397614,11.23093319,13.11664104,2.388463974,1
346.5571594,16.33565331,24.88668289,11.23093319,12.51125774,2.388463974,1
356.2375305,17.35663223,25.52480316,11.60529766,13.31843567,2.388463974,1
367.0242188,17.35663223,25.95021591,11.97966213,13.31843567,2.388463974,1
376.9811707,17.35663223,26.37562866,12.16684437,13.92381954,2.388463974,1
384.7254639,17.35663223,26.58833504,12.16684437,14.12561417,2.388463974,1
389.4273621,17.15243645,26.58833504,12.16684437,14.12561398,2.388463974,1
1902.330493,538.2597656,133.1543884,81.42427063,94.43981781,60.90583038,0
1902.883691,541.7310913,134.0052185,81.42427063,95.85237885,60.90583038,0
1900.671021,541.7310913,133.792511,81.42427063,95.65058441,60.90583038,0
1849.503394,526.6206238,129.9637878,79.55244751,91.81649017,59.47275238,0
1774.273071,510.8975525,124.4334106,76.74471283,89.79854584,57.32313538,0
1772.060449,511.5101318,124.6461166,76.93189545,87.7806015,57.32313538,0
1771.230737,510.8975525,124.4334106,76.93189545,89.5967514,57.32313538,0
1771.507324,510.284967,124.6461166,76.74471283,90.40392914,57.32313538,0
1770.400977,510.4891663,124.6461166,76.74471283,88.9913681,57.32313538,0
1770.12439,510.6933594,124.4334106,76.93189545,88.58777924,57.32313538,0
1770.12439,510.4891663,124.4334106,76.74471283,88.58777924,57.32313538,0
1770.12439,510.08078,125.0715286,76.93189545,90.00034027,57.32313538,0
1769.847803,510.08078,124.8588226,76.74471283,90.2021347,57.32313538,0
1769.847803,509.6723877,124.4334106,76.74471283,91.41290131,57.32313538,0
1769.571216,510.2849731,124.4334106,76.93189545,89.19316254,57.32313538,0
1769.571216,510.6933594,124.8588226,77.11907806,88.58777924,57.32313538,0
1769.571216,510.4891663,124.8588226,77.11907806,88.3859848,57.32313538,0
1769.571216,510.2849731,124.8588226,76.74471283,88.9913681,57.32313538,0
1770.12439,509.8765869,124.6461166,76.93189545,90.2021347,57.32313538,0
1769.294629,510.2849731,124.4334106,76.74471283,88.78957367,57.32313538,0
2036.749341,457.6024963,135.0687408,74.87288666,94.23802338,53.26274719,0
2032.877197,458.4192749,135.0687408,74.87288666,96.25596771,53.26274719,0
2031.494263,458.6234619,135.0687408,74.87288666,95.04520111,53.0239006,0
2031.217676,458.8276672,135.0687408,74.87288666,94.64161224,52.54620743,0
2031.217676,458.6234741,135.0687408,74.87288666,94.64161224,53.50159378,0
2031.217676,458.6234741,135.0687408,74.87288666,95.04520111,53.0239006,0
2030.111328,458.623468,135.0687408,74.87288666,95.44878998,52.54620743,0
2030.111328,458.623468,135.0687408,74.87288666,95.24699554,52.78505402,0
2029.834766,458.6234741,135.0687408,74.87288666,94.64161224,52.54620743,0
2029.834766,458.4192688,135.0687408,74.87288666,95.24699554,53.26274719,0
2029.834766,458.0108826,135.0687408,74.87288666,96.45776215,53.0239006,0
2030.111328,458.623468,135.0687408,74.87288666,95.65058441,52.54620743,0
2030.111328,458.2150818,135.0687408,74.87288666,96.86135101,52.54620743,0
2030.111328,459.0318604,135.0687408,74.87288666,94.64161224,53.0239006,0
2031.217676,459.0318604,135.0687408,74.87288666,94.03622894,52.78505402,0
2030.387915,458.4192688,135.0687408,74.87288666,96.05417328,53.0239006,0
2030.111328,459.2360535,135.0687408,74.87288666,93.63264008,52.78505402,0
2030.111328,459.0318604,135.0687408,74.87288666,94.23802338,53.0239006,0
2030.111328,459.0318604,135.0687408,74.87288666,94.43981781,52.78505402,0
2030.111328,459.0318604,135.0687408,74.87288666,94.03622894,52.78505402,0
4910.158984,1482.86897,351.391449,220.8750305,261.9292358,162.4155579,0
4906.010352,1488.382227,352.0295715,220.8750305,264.5525635,162.4155579,0
4904.904102,1488.382227,352.2422791,220.8750305,262.5346191,162.4155579,0
4905.733789,1488.178027,352.4549866,220.8750305,263.3417969,162.4155579,0
4906.840039,1488.994824,353.0931091,220.8750305,261.7274414,162.4155579,0
4908.499414,1489.403223,352.8804016,220.8750305,261.7274414,162.4155579,0
4909.88252,1487.157056,353.0931091,220.8750305,266.7723022,162.4155579,0
4910.712402,1488.178027,353.0931091,220.8750305,264.9561523,162.4155579,0
4911.54209,1488.586426,353.0931091,220.8750305,263.3417969,162.4155579,0
4911.54209,1486.748657,353.0931091,220.8750305,266.1669189,162.4155579,0
4912.64834,1486.748633,353.0931091,220.8750305,266.1669189,162.4155579,0
4915.690625,1486.136084,353.518512,220.8750305,266.9740967,162.4155579,0
4914.86084,1485.727661,353.7312134,220.8750305,267.3776855,162.4155579,0
4915.690527,1486.748633,353.7312134,220.8750305,264.350769,162.4155579,0
4916.796973,1486.340234,353.9439148,220.8750305,265.9651245,162.4155579,0
4918.456641,1486.340259,354.1566162,220.8750305,266.1669189,162.4155579,0
4919.562891,1486.544434,354.1566162,220.8750305,264.7543579,162.4155579,0
4918.733203,1487.56543,354.1566162,220.8750305,261.525647,162.4155579,0
4920.116016,1487.769629,354.1566162,220.8750305,261.3238525,162.4155579,0
4921.498828,1487.565454,354.1566162,220.8750305,261.7274414,162.4155579,0
6990.608301,1325.842456,362.6648865,208.7081757,328.7232178,182.7174988,0
6980.374707,1331.559912,362.6648865,208.7081757,328.9250183,182.7174988,0
6976.779297,1330.947363,362.6648865,208.7081757,331.3465515,182.7174988,0
6974.289941,1330.334766,362.877594,208.7081757,331.7501404,182.7174988,0
6974.289941,1331.151514,362.877594,208.7081757,328.319635,182.7174988,0
6974.289941,1330.538965,363.303009,208.7081757,333.1627014,182.2398071,0
6976.502734,1331.764111,363.5157166,209.4569061,330.9429626,182.7174988,0
6977.332422,1332.376709,363.7284241,209.4569061,329.732196,182.7174988,0
6976.502734,1331.151538,363.7284241,209.0825409,335.1806458,182.7174988,0
6978.715234,1330.334766,363.7284241,209.6440887,340.0237122,182.7174988,0
6977.885547,1333.193506,363.7284241,209.6440887,330.1357849,182.7174988,0
6977.885547,1332.376709,363.7284241,209.6440887,333.7680847,182.7174988,0
6979.268359,1333.601904,363.7284241,209.6440887,330.7411682,182.7174988,0
6978.162109,1334.418701,363.7284241,209.6440887,326.907074,182.7174988,0
6980.098047,1333.193506,363.9411316,209.6440887,334.1716736,182.7174988,0
6980.374609,1332.376709,363.7284241,209.6440887,338.4093567,182.7174988,0
6980.927832,1334.6229,363.9411316,209.6440887,328.7232239,182.7174988,0
6983.140723,1335.235498,363.9411316,209.6440887,329.732196,182.7174988,0
6983.97041,1334.214502,363.7284241,209.6440887,332.5573181,182.7174988,0
6984.800098,1334.418701,364.3665466,209.6440887,334.9788513,182.7174988,0
3469.720361,1062.02168,298.8529053,156.2971497,148.7225281,82.40200806,0
3465.848145,1065.492993,298.8529053,156.6715149,152.5566223,82.40200806,0
3466.401367,1064.880396,298.8529053,157.2330627,153.3638,82.40200806,0
3465.571533,1065.084595,299.2783081,157.0458801,153.5655975,82.40200806,0
3465.848145,1066.105566,299.4910095,157.2330627,150.9422668,82.40200806,0
3465.848145,1065.901367,299.2783081,157.2330627,151.3458557,82.40200806,0
3465.571533,1065.492969,299.2783081,157.2330627,151.7494446,82.40200806,0
3465.571533,1065.697192,299.9164124,157.2330627,150.9422668,82.40200806,0
3465.571533,1065.492969,299.9164124,157.2330627,151.3458557,82.40200806,0
3465.018408,1065.492969,299.9164124,157.2330627,150.538678,82.40200806,0
3464.465283,1064.267798,299.4910095,157.2330627,153.1620056,82.40200806,0
3465.571631,1065.08457,299.7037109,157.2330627,151.3458557,82.40200806,0
3467.231152,1063.859399,299.7037109,157.2330627,155.17995,82.40200806,0
3467.231152,1064.880371,299.9164124,157.2330627,153.3638,82.40200806,0
3467.784277,1065.492969,299.9164124,157.2330627,151.1440613,82.40200806,0
3469.16709,1065.28877,299.9164124,157.2330627,152.1530334,82.40200806,0
3469.16709,1065.697168,299.9164124,157.2330627,151.7494446,82.40200806,0
3469.996826,1065.697168,299.9164124,157.2330627,151.5476501,82.40200806,0
3470.826611,1065.28877,299.9164124,157.2330627,152.9602112,82.40200806,0
3470.82666,1065.697168,299.9164124,157.2330627,153.1620056,82.40200806,0
5437.047656,1427.123511,398.8250427,226.4904938,266.7723022,144.5020752,0
5430.13291,1435.087134,399.0377502,226.864859,266.5705078,144.5020752,0
5429.02666,1433.861987,399.0377502,227.0520416,269.7992188,144.5020752,0
5428.473535,1436.108105,399.8885803,227.4264069,265.5615356,144.5020752,0
5428.750098,1435.291357,399.8885803,227.4264069,267.1758911,144.5020752,0
5428.196973,1434.882983,399.8885803,227.4264069,268.992041,144.5020752,0
5427.92041,1437.129077,399.8885803,227.4264069,262.5346191,144.5020752,0
5428.196973,1436.516504,399.8885803,227.4264069,263.5435913,144.5020752,0
5427.090723,1437.129077,399.8885803,227.4264069,261.7274414,144.5020752,0
5427.090723,1436.516504,399.8885803,227.4264069,263.3417969,144.5020752,0
5428.196973,1435.699731,399.8885803,227.4264069,267.3776855,144.5020752,0
5427.367285,1436.312305,399.8885803,227.4264069,264.9561523,144.5020752,0
5428.196973,1437.333276,399.8885803,227.4264069,263.1400024,144.5020752,0
5431.239355,1437.333276,399.8885803,227.4264069,264.5525635,144.5020752,0
5432.345898,1437.129077,399.8885803,227.4264069,266.7723022,144.5020752,0
5432.069238,1437.129077,399.8885803,227.4264069,265.7633301,144.5020752,0
5429.303223,1435.291333,399.8885803,227.4264069,270.4046021,144.5020752,0
5430.13291,1436.720679,399.8885803,227.4264069,266.7723022,144.5020752,0
5430.962695,1437.537476,399.8885803,227.4264069,263.7453857,144.5020752,0
5431.515918,1437.741675,399.8885803,227.4264069,265.5615356,144.5020752,0
4233.086426,1072.231421,255.2480164,146.9380493,222.3775146,136.1424408,0
4228.107813,1077.540503,255.2480164,147.6867798,225.8080261,136.1424408,0
4226.171875,1078.153101,255.2480164,147.8739624,224.1936676,136.1424408,0
4225.342188,1077.744702,254.8226044,147.8739624,224.5972565,136.1424408,0
4223.682813,1077.336304,255.2480164,147.8739624,224.5972595,136.1424408,0
4222.022949,1076.519531,255.2480164,147.6867798,225.6062286,136.1424408,0
4222.853027,1076.92793,255.2480164,147.8739624,225.8080231,136.1424408,0
4224.789063,1077.744702,255.2480164,147.8739624,224.5972565,136.1424408,0
4226.725,1077.540503,255.8861389,147.8739624,227.8259705,136.1424408,0
4226.448438,1078.153076,255.2480164,147.8739624,226.0098206,136.1424408,0
4226.725,1078.153076,255.2480164,147.8739624,226.4134094,136.1424408,0
4227.001563,1078.765674,255.2480164,147.8739624,225.2026398,136.1424408,0
4225.342188,1077.744702,255.2480164,147.8739624,227.0187927,136.1424408,0
3538.312646,975.8510742,252.6955444,137.953302,199.5747406,115.6016586,0
3581.736035,1008.5224,263.3308838,142.6328552,198.5657684,120.8562775,0
3684.071338,1039.355933,266.5214844,145.8149536,205.830368,125.3943588,0
4033.394287,1100.614673,272.9026794,152.5535156,225.4044373,139.2474487,0
4304.168164,1148.80481,276.09328,157.0458832,238.9246704,146.6516846,0
4470.670313,1180.250952,278.645752,159.8536194,247.6018311,149.7566895,0
4520.731543,1190.052295,280.5601196,160.7895325,245.9874756,150.4732361,0
3031.891113,909.0791016,252.9082489,139.4507599,163.6553284,96.73278809,1
3029.678516,913.7756104,253.1209564,139.6379425,166.0768646,96.73278809,1
3029.678516,913.7756104,253.1209564,139.4507599,164.866098,96.73278809,1
3029.955078,912.5504272,253.1209564,140.0123077,168.7001923,96.73278809,1
3030.784766,913.3672363,253.3336639,139.6379425,166.8840424,96.73278809,1
3031.891113,914.1839966,253.1209564,139.6379425,165.4714813,96.73278809,1
3032.167725,913.7756226,253.5463715,140.1994904,165.4714813,96.73278809,1
3032.997461,913.9798096,253.759079,140.386673,165.0678925,96.73278809,1
3033.274023,913.7756104,253.759079,140.0123077,165.2696869,96.73278809,1
3034.10376,913.3672363,253.759079,140.0123077,165.8750702,96.73278809,1
3035.21001,913.3672241,254.184494,140.386673,166.4804535,96.73278809,1
3036.316406,913.5714111,253.9717865,140.386673,167.0858368,96.73278809,1
3036.869531,914.1839966,254.184494,140.386673,165.4714813,96.73278809,1
3038.252441,912.9588257,254.184494,140.386673,168.7001923,96.73278809,1
3038.25249,913.3672241,254.184494,140.386673,166.8840424,96.73278809,1
3038.252441,913.5714111,254.184494,140.386673,167.6912201,96.73278809,1
3039.358887,913.7756104,254.184494,140.386673,166.6822479,96.73278809,1
3040.188623,913.5714111,254.184494,140.386673,167.8930145,96.73278809,1
3041.018311,913.5714355,254.184494,140.386673,167.4894257,96.73278809,1
3041.847998,912.5504395,254.184494,140.386673,169.9109589,96.73278809,1
578.0562134,232.3746643,78.70147705,45.85964584,36.72659454,20.30194473,1
578.8859741,233.8040314,78.70147705,46.0468277,37.13018341,20.30194473,1
579.7157349,234.4166229,78.70147705,46.60837326,37.53377304,20.30194473,1
581.3752319,235.2334045,79.55230103,46.79555511,37.13018341,20.30194473,1
582.2049561,236.4585815,79.76500702,46.79555511,36.92838898,20.54079094,1
583.5878906,236.6627777,79.76500702,46.79555511,36.92838898,20.77963715,1
584.14104,237.2753662,79.76500702,46.79555511,37.53377228,21.01848335,1
584.9707642,237.8879547,79.76500702,46.79555511,37.53377228,21.25732956,1
586.3536987,238.5005432,79.76500702,46.79555511,37.33197784,21.25732956,1
587.4600464,238.9089355,79.76500702,46.79555511,37.33197784,21.49617577,1
588.5663574,239.1131287,79.76500702,46.79555511,37.73556671,21.49617577,1
589.3960938,239.9299011,80.403125,46.79555511,37.73556671,21.49617577,1
590.5024414,240.1340973,80.82853699,46.79555511,37.73556671,21.49617577,1
591.6087402,240.5424896,80.82853699,46.79555511,37.73556671,21.49617577,1
591.8853149,240.7466858,80.82853699,46.79555511,37.73556671,21.49617577,1
592.7150757,241.1550781,80.82853699,47.16992035,38.13915558,21.49617577,1
593.5448242,241.5634705,80.82853699,47.54428558,37.73556671,21.49617577,1
594.651123,242.176059,80.82853699,47.54428558,37.53377228,21.49617577,1
595.7574707,242.176059,80.82853699,47.7314682,38.13915558,21.49617577,1
596.0340576,242.7886475,80.82853699,47.7314682,37.73556671,21.49617577,1
2143.509961,888.2511475,203.1348877,125.4120865,133.9915344,101.0320282,1
2127.468262,887.6385498,203.1348877,124.476181,137.0184509,100.3154907,1
2126.085303,887.638562,202.0713501,124.476181,136.8166565,100.7931824,1
2135.765674,890.2931152,203.1348877,124.6633621,135.8076843,101.5097198,1
2146.275781,890.7015015,203.1348877,125.0377243,141.0543396,101.5097198,1
2159.275146,896.6231567,203.7730103,125.4120865,139.4399841,102.4651031,1
2173.380811,903.9742188,204.6238342,126.3479996,137.8256287,102.9427963,1
2186.380176,908.8749146,205.2619476,126.9095474,140.8525452,103.8981857,1
2200.485791,914.7965942,206.3254852,127.4710938,141.6597229,103.8981857,1
2220.123145,919.9014893,206.9636078,128.2198181,139.843573,104.6147232,1
2236.718066,920.9224854,207.3890228,128.5941833,140.8525452,104.853569,1
2243.90918,920.7182861,207.3890228,128.781366,140.2471619,105.0924149,1
2246.398437,918.8805054,207.3890228,128.9685486,141.8615173,104.3758774,1
2243.90918,915.8175537,207.6017273,128.5941833,142.2651062,103.8981857,1
2237.824365,913.5714233,207.3890228,128.2198181,140.8525452,103.8981857,1
2230.080078,911.1210449,207.3890228,128.2198181,140.0453674,103.6593384,1
2223.442139,908.0581299,207.3890228,127.8454559,141.8615173,102.9427963,1
2218.187109,907.037146,206.3254852,127.2839127,140.6507507,102.703949,1
2215.421387,905.6077881,206.3254852,127.2839127,140.0453674,102.703949,1
2215.974512,904.586792,206.3254852,127.2839127,140.8525452,102.703949,1
1427.16272,227.4739685,74.44734192,49.97765427,135.6058899,82.40200806,1
1426.333032,229.7201233,74.44734192,50.53919983,136.0094788,82.40200806,1
1429.928589,230.1285156,74.87275391,50.53919983,137.2202454,82.40200806,1
1433.247559,230.9453003,75.51087189,50.53919983,137.0184509,82.40200806,1
1436.289966,231.9662811,75.51087189,50.53919983,137.0184509,82.40200806,1
1441.268457,233.191452,75.51087189,50.72638245,138.0274231,82.64085388,1
1445.417188,234.4166199,75.51087189,50.91356506,137.8256287,82.87969971,1
1451.225391,235.4376007,75.72357941,51.47511292,138.431012,83.59623718,1
1457.033618,236.6627777,76.14899445,51.47511292,139.0363953,83.59623718,1
1463.394971,238.0921509,76.57440948,51.47511292,138.0274231,83.59623718,1
1468.096875,239.1131287,76.57440948,51.47511292,138.6328064,83.59623718,1
1476.117749,240.3382935,76.57440948,51.66229477,139.6417786,84.07393188,1
1481.64939,241.5634705,76.57440948,52.22384033,140.2471619,84.79047394,1
1488.563965,242.3802551,76.57440948,52.41102219,140.8525452,84.79047394,1
1492.989282,243.8096283,76.78711548,52.41102219,141.4579285,84.79047394,1
1499.074097,244.626413,77.63793945,52.41102219,142.4669006,85.02931976,1
1503.222803,245.8515778,77.63793945,52.41102219,141.4579285,85.98470306,1
1509.307593,246.4641632,77.63793945,52.41102219,141.6597229,85.98470306,1
1514.286108,247.485144,77.63793945,52.41102219,142.8704895,86.22354889,1
1518.987964,248.710321,77.63793945,52.97257004,143.0722839,87.17893219,1
3156.906201,713.6638428,253.1209564,131.0275574,168.2966003,114.6462708,1
3145.84292,718.1561523,253.1209564,131.0275574,167.2876312,114.6462708,1
3138.928369,718.5645508,253.9717865,131.0275574,167.2876312,114.6462708,1
3133.39668,718.7687378,253.9717865,131.21474,167.8930145,114.4074249,1
3128.971387,720.1981323,254.184494,131.5891052,166.4804535,113.4520416,1
3123.163184,719.5855469,254.184494,131.7762878,170.5163422,113.4520416,1
3118.737793,721.2190918,254.184494,131.9634705,167.2876312,113.4520416,1
3114.589111,721.6274902,254.184494,131.9634705,167.6912201,113.4520416,1
3109.610645,722.4442749,254.184494,131.9634705,166.0768646,113.4520416,1
3106.015088,722.8526611,254.184494,131.9634705,167.6912201,113.4520416,1
3101.589795,724.282019,254.3971985,131.9634705,165.6732758,113.2131943,1
3097.717627,725.5071899,254.609903,131.9634705,163.453537,112.4966522,1
3092.73916,726.1197876,255.0353119,131.9634705,163.2517426,112.2578049,1
3089.143604,726.1197876,255.2480164,131.9634705,163.453537,112.2578049,1
3083.05874,726.5281982,255.2480164,131.9634705,165.4714813,112.2578049,1
3078.910059,727.9575806,255.2480164,131.9634705,162.4445648,112.2578049,1
3074.484766,727.3449707,255.2480164,131.9634705,166.2786591,112.2578049,1
3070.335986,728.5701416,255.2480164,131.9634705,164.6643036,112.2578049,1
3066.187305,728.97854,255.2480164,131.9634705,164.0589203,111.5412674,1
3063.144824,728.5701294,255.2480164,132.1506531,167.4894226,111.5412674,1
5578.657422,600.3352661,263.3308716,173.3307373,316.413739,169.5809479,1
5588.614355,595.6387573,262.692749,172.3948242,317.6244995,170.0586395,1
5606.592188,589.7170776,263.3308716,172.2076416,326.7052673,171.2528687,1
5619.315137,589.5128906,263.9689941,172.2076416,326.5034851,173.1636353,1
5645.313672,591.9632568,265.4579468,172.5820068,333.3644958,175.5521057,1
5675.737793,595.8429565,266.9468994,173.1435547,334.373468,177.7017212,1
5711.693555,597.6807129,268.8612488,173.5179199,336.1896179,179.6124878,1
5740.73457,598.7016846,270.5628967,174.0794678,344.6649841,181.5232666,1
5739.075098,600.7436523,271.8391418,174.8281982,347.4901062,183.6728821,1
5704.502441,603.3981934,272.2645569,175.0153809,342.2434509,183.9117279,1
5667.16377,603.1939941,272.2645569,174.2666504,342.0416565,183.4340363,1
5664.397852,600.3352539,272.6899719,174.0794678,338.4093567,182.0009613,1
5676.844141,596.6597412,272.2645569,173.1435547,338.6111511,181.5232697,1
5684.865137,597.6807129,272.2645569,173.1435547,344.4631897,181.5232697,1
5697.034668,600.9478638,272.4772644,173.8922852,347.4901062,181.5232697,1
5702.566309,604.0107788,272.2645569,174.0794678,344.0596008,181.5232697,1
5702.013086,607.4821045,272.2645569,174.2666504,349.1044617,182.2398071,1
5688.460547,613.403772,272.2645569,175.0153809,346.8847229,182.2398071,1
5697.587793,616.4667114,272.2645569,175.0153809,344.6649841,182.9563446,1
5725.246094,618.712854,273.115387,175.3897461,357.7816223,184.3894196,1
4075.987891,775.3309326,275.6678711,144.8790405,172.3324921,78.81931305,1
4091.199902,779.6190552,276.5186768,145.0662231,174.9558197,78.81931305,1
4110.837305,779.6190552,276.5186768,145.627771,178.3863251,79.77469635,1
4129.368262,780.2316406,277.5822144,146.0021362,178.1845306,80.01354218,1
4145.133398,780.4358276,277.5822144,146.0021362,179.1935028,80.25238953,1
4162.281543,781.2526123,278.2203369,146.5636841,181.4132416,80.96893158,1
4179.429492,782.069397,278.645752,146.9380493,180.4042694,81.20777893,1
4196.301074,782.069397,279.2838745,146.9380493,182.6240082,81.68547058,1
4213.172559,784.7239502,279.7092896,147.4995972,178.3863251,82.40200806,1
4229.214258,784.7239502,280.3474121,147.8739624,182.2204193,82.40200806,1
4243.596484,784.5197388,280.7728271,147.8739624,184.0365692,82.40200806,1
4257.425684,785.3365479,281.1982422,148.061145,183.6329803,83.11854553,1
4272.08457,786.1533203,281.8363647,148.4355103,185.0455414,83.59623718,1
4285.083789,785.7449341,281.8363647,148.8098755,187.4670746,83.59623718,1
4298.913086,786.970105,282.2617798,148.8098755,185.8527191,83.59623718,1
4314.954785,788.1952637,282.8999023,148.8098755,185.6509247,84.55162659,1
4329.337012,788.3994751,283.1126038,148.8098755,187.668869,84.79047394,1
4342.059766,787.7868896,283.9634094,149.3714142,189.8886078,84.79047394,1
4355.88877,789.8288452,283.9634094,149.5585937,185.6509247,84.79047394,1
4368.611621,789.6246338,283.9634094,149.7457733,188.4760468,84.79047394,1
2878.111572,1109.803442,298.8529053,178.7590179,173.7450531,105.0924149,1
2873.686279,1114.704126,298.8529053,178.7590179,173.7450531,105.0924149,1
2873.686279,1111.641187,298.8529053,178.9462006,180.0006805,105.0924149,1
2872.580029,1114.295728,298.8529053,179.1333832,174.3504364,105.0924149,1
2872.303467,1113.887354,298.8529053,178.7590179,175.3594086,105.0924149,1
2872.303467,1113.887354,298.8529053,178.7590179,174.7540253,105.0924149,1
2872.303467,1112.662207,298.8529053,178.7590179,176.973764,105.0924149,1
2871.750244,1112.866406,298.8529053,178.7590179,176.1665863,105.0924149,1
2870.92041,1112.458008,298.8529053,178.7590179,176.7719696,105.0924149,1
2871.197021,1113.070557,298.8529053,178.7590179,174.3504364,105.0924149,1
2869.260986,1110.824438,298.8529053,178.7590179,177.9827362,105.0924149,1
2869.537598,1111.641211,298.6401978,178.7590179,176.973764,105.0924149,1
2869.537598,1112.457959,298.6401978,178.7590179,174.9558197,105.0924149,1
2868.154541,1110.824414,298.6401978,178.7590179,176.7719696,105.0924149,1
2868.154541,1111.641187,298.2147827,178.7590179,175.3594086,105.0924149,1
2868.707764,1110.620239,298.0020752,178.7590179,177.1755585,105.0924149,1
2867.601416,1111.232837,298.0020752,178.7590179,175.9647919,105.0924149,1
2867.048291,1111.028638,297.7893677,178.7590179,175.9647919,105.0924149,1
2866.495166,1111.437061,297.7893677,178.7590179,174.5522308,105.0924149,1
2866.495166,1111.641235,297.7893677,178.7590179,174.148642,105.0924149,1
1406.695703,732.0414673,178.6736145,110.8118774,101.7044174,68.5489151,1
1402.82356,735.5127686,178.6736145,111.1862396,102.3098007,68.5489151,1
1401.164038,734.4918091,178.6736145,111.3734207,102.3098007,68.0712204,1
1397.845093,734.9001953,178.460907,111.3734207,102.1080063,68.0712204,1
1395.355835,734.4917969,178.2481995,111.1862396,101.9062119,68.0712204,1
1393.696313,733.0624268,178.2481995,111.1862396,103.5205673,68.0712204,1
1392.866553,733.6750244,178.0354919,111.1862396,102.3098007,68.31006775,1
1390.100806,733.6750366,177.6100769,110.9990585,101.7044174,68.0712204,1
1389.824219,733.4708374,177.6100769,110.8118774,101.7044174,68.0712204,1
1386.781763,732.0414673,177.6100769,110.4375153,102.5115952,68.0712204,1
1386.228589,731.8372681,177.6100769,110.4375153,101.9062119,68.0712204,1
1384.569165,731.2246826,177.6100769,110.4375153,101.3008286,68.0712204,1
1384.016016,731.4288818,177.6100769,110.4375153,100.8972397,68.0712204,1
1382.909668,730.6121094,177.6100769,110.4375153,101.502623,68.0712204,1
1381.250146,729.5911133,177.6100769,110.4375153,102.3098007,68.0712204,1
1381.250146,729.1827148,177.3973724,110.4375153,102.5115952,68.0712204,1
1380.696973,730.6121094,177.6100769,110.4375153,101.3008286,68.0712204,1
1379.590698,729.5911255,177.6100769,110.4375153,102.5115952,68.0712204,1
1378.760986,729.3869263,177.6100769,110.4375153,101.3008286,68.0712204,1
1377.654639,728.7743408,176.9719635,110.4375153,100.8972397,68.0712204,1
1193.174438,646.4834839,160.5935516,102.0143127,87.7806015,57.56198196,1
1190.685181,648.9338257,159.7427216,102.0143127,88.9913681,57.32313538,1
1187.642822,649.1380249,159.530014,102.0143127,87.7806015,57.32313538,1
1185.706738,648.117041,159.530014,102.0143127,89.19316254,57.32313538,1
1183.494043,647.7086304,159.530014,102.0143127,88.58777924,57.32313538,1
1180.451685,647.5044434,159.530014,102.0143127,88.58777924,57.32313538,1
1178.515601,646.8918579,159.530014,102.0143127,88.3859848,57.32313538,1
1177.962427,646.8918579,159.530014,102.0143127,88.18419037,57.32313538,1
1176.026392,646.6876587,159.530014,102.0143127,88.3859848,57.32313538,1
1174.643506,646.4834839,159.104599,101.6399475,88.3859848,57.32313538,1
1173.537158,646.6876709,158.4664764,101.4527649,86.97342377,57.32313538,1
1172.430811,646.8918457,158.4664764,101.0783997,86.97342377,57.32313538,1
1171.60105,646.0750854,158.4664764,101.0783997,87.98239594,57.32313538,1
1171.047876,645.6666992,158.4664764,101.0783997,87.7806015,57.32313538,1
1170.218115,646.8918579,158.4664764,101.0783997,86.16624603,57.32313538,1
1169.111841,646.0750854,158.4664764,101.0783997,86.77162933,57.32313538,1
1167.175781,645.2583008,158.4664764,101.0783997,87.37701263,57.32313538,1
1168.005542,645.4625122,158.4664764,101.0783997,87.37701263,57.32313538,1
1167.452368,645.0541138,158.4664764,101.0783997,87.7806015,57.32313538,1
1166.622607,644.4415161,158.4664764,101.0783997,88.18419037,57.32313538,1
668.4985352,218.6935638,84.01914215,43.98782349,41.56966476,22.45156212,1
663.5200439,219.7145416,84.01914215,43.98782349,42.57863693,22.69040871,1
660.4776367,219.9187378,84.44455414,43.98782349,42.17504807,22.45156212,1
661.58396,220.122934,84.44455414,43.98782349,42.3768425,22.45156212,1
661.0308228,219.9187378,84.01914215,43.98782349,42.57863693,22.21271553,1
657.9884155,219.7145416,84.23184814,43.98782349,42.3768425,22.69040871,1
656.052356,219.7145416,84.01914215,43.98782349,42.3768425,22.45156212,1
655.4992065,219.9187378,84.23184814,43.98782349,42.17504807,22.69040871,1
654.6694458,219.9187378,84.01914215,43.98782349,41.56966476,22.45156212,1
654.116272,219.7145416,84.23184814,43.98782349,42.57863693,22.69040871,1
654.116272,219.3061493,84.01914215,43.98782349,42.57863693,22.69040871,1
653.2865112,219.5103455,84.23184814,43.98782349,41.97325363,22.69040871,1
652.7333374,219.7145416,84.01914215,43.98782349,41.7714592,22.69040871,1
652.7333374,220.122934,84.44455414,43.98782349,42.17504807,22.69040871,1
652.7333374,219.9187378,84.23184814,43.98782349,42.17504807,22.69040871,1
654.116272,220.5313263,84.01914215,43.98782349,41.56966476,22.69040871,1
655.2226196,220.3271301,84.44455414,43.98782349,42.17504807,22.69040871,1
656.052356,220.5313263,84.44455414,43.98782349,42.17504807,22.69040871,1
656.8820801,220.3271301,85.08267212,43.98782349,42.17504807,22.69040871,1
656.8820801,220.5313263,85.08267212,43.98782349,42.3768425,22.69040871,1
1549.68855,629.5352539,171.0161743,101.2655823,87.7806015,54.93467331,1
1546.369604,631.7813965,171.2288818,101.6399475,87.7806015,54.93467331,1
1544.433496,630.7604126,171.2288818,101.2655823,86.5698349,54.93467331,1
1543.603735,630.7604004,170.5907593,101.0783997,87.1752182,54.93467331,1
1543.880322,629.7394287,170.8034668,101.0783997,88.3859848,54.93467331,1
1542.497388,629.1268555,170.1653442,101.0783997,87.57880707,54.93467331,1
1535.859473,615.6499268,167.6128662,99.58094177,86.77162933,53.97928772,1
1917.542529,765.5295532,208.4525513,125.412088,109.9779938,74.04238434,1
1980.603223,828.6260132,214.8337555,129.5300964,117.8479797,76.90853882,1
1984.475342,829.4427856,215.6845734,130.0916443,117.4443909,77.14738464,1
1988.900684,827.8092163,215.8972778,130.0916443,117.6461853,77.62507629,1
1990.283594,829.0343994,215.8972778,130.0916443,117.2425964,77.62507629,1
1991.11333,825.9714844,216.3226929,130.0916443,118.6551575,77.62507629,1
1987.241162,825.1546875,215.8972778,129.3429138,117.4443909,77.62507629,1
1988.347485,822.7043335,216.1099854,129.7172791,117.2425964,77.62507629,1
1992.772827,822.9085205,216.3226929,129.9044617,117.4443909,77.62507629,1
1998.027856,823.7253174,216.9608154,129.7172791,117.6461853,77.62507629,1
2000.517114,823.9295044,216.7481079,130.0916443,117.8479797,77.62507629,1
1996.644946,820.6623779,216.3226929,129.3429138,119.6641296,77.62507629,1
1998.027856,820.6623779,216.3226929,129.3429138,117.6461853,77.62507629,1
