Vis_450nm,Vis_500nm,Vis_550nm,Vis_570nm,Vis_600nm,Vis_650nm,Nir_610nm,Nir_680nm,Nir_730nm,Nir_760nm,Nir_810nm,Nir_860nm,Blood_Prediction
2396.582471,95.35937653,47.4335907,36.12616844,99.68647309,52.54620743,2995.3604,172.3734985,653.8679687,1424.111401,3824.826367,1788.738965,0
2592.402441,74.53141785,37.0109642,30.51070252,110.78517,53.74044037,3030.892529,152.1779236,585.732666,1339.455078,3819.660986,1811.369287,0
2872.856494,76.36917877,38.92532349,31.63379517,122.2874558,60.66698532,3051.450391,157.5823761,583.6539673,1351.491553,3823.37998,1823.061646,0
2984.595654,69.22233276,36.58555069,27.70296898,134.5969177,58.75621491,3055.511279,158.4357117,586.6565185,1354.300049,3828.54541,1823.438819,0
2982.936133,70.24330902,38.92532501,29.3876091,131.5700012,59.71159973,3053.734668,161.8490417,589.8900635,1368.54314,3825.652832,1826.267627,0
3001.46709,70.65169831,38.4999115,29.76197357,132.1753845,59.95044708,3056.018848,163.2712646,592.6616699,1372.755908,3827.718945,1827.58772,0
3010.041114,71.87687531,38.92532501,30.13633805,132.9825623,61.14467697,3063.125293,168.391272,600.2835938,1391.612988,3836.603223,1834.942554,0
3018.338623,72.28526611,39.13803177,30.32352028,134.7987122,61.86121673,3061.85625,168.9601562,597.9739136,1388.002051,3833.710742,1830.793677,0
3008.934815,72.28526459,38.71261826,29.94915581,131.9735901,61.38352356,3072.008301,168.9601563,598.6668335,1391.612988,3835.156934,1833.811035,0
3011.700635,72.6936554,38.92532425,30.32352028,133.9915344,62.33890991,3066.932275,172.9423858,604.9029541,1408.062793,3843.21499,1838.337109,0
3022.21084,72.89785309,40.2015625,31.07224922,132.377179,62.33890991,3074.292529,175.2179443,603.0552002,1412.275561,3838.462793,1841.165869,0
3020.551269,74.53141632,40.62697525,32.0081604,133.1843567,63.53314209,3076.576758,178.9157226,608.5984131,1426.318066,3843.834717,1844.183252,0
3025.253125,75.7565918,41.26509552,32.19534263,131.9735901,63.53314209,3067.186084,183.1823975,605.3648682,1431.333252,3832.471094,1843.051733,0
3024.7,78.20694122,41.69050904,33.50561676,139.4399841,64.48852539,3079.368554,181.7601745,604.6719726,1425.916846,3834.950342,1844.937622,0
3022.487305,75.14400635,41.05238876,32.19534263,132.1753845,63.53314209,3081.145166,185.4579498,609.0603394,1444.773975,3844.454639,1853.612598,0
3029.678467,75.34819947,41.05238876,32.19534263,133.9915344,63.29429626,3075.307666,186.8801758,606.9816406,1443.770898,3838.669385,1853.046826,0
3037.422803,73.91883087,41.47780228,32.0081604,134.7987122,62.5777565,3086.72876,190.293512,612.5248535,1454.403076,3849.619971,1857.384351,0
3066.463916,73.30624237,41.69050904,31.44661369,136.2112732,61.86121673,3085.205957,189.4401795,606.7506836,1448.184277,3841.975293,1857.195752,0
3070.336035,77.18596039,42.11592255,33.13125267,135.6058899,64.24967956,3098.149805,187.164621,611.3700195,1446.178198,3859.33081,1859.647339,0
3061.208789,75.34820251,40.62697525,32.0081604,136.4130676,63.77198791,3087.236426,189.4401825,610.4461548,1453.801245,3847.140576,1857.761499,0
1864.162231,172.1369476,30.84247017,37.06207962,86.97342377,52.06851425,3046.374414,169.8134979,307.64823,1015.273682,3550.856982,1787.79602,0
1865.268554,158.2516419,30.84247017,35.56462097,87.37701264,51.35197449,3027.593115,176.3557251,309.7269409,1028.313123,3523.377441,1776.292285,0
1855.588183,154.3719269,30.41705666,35.19025726,86.77162934,51.35197449,3018.45625,182.8979523,307.4172668,1034.933179,3504.782276,1774.783569,0
1846.1844,155.8012909,29.77893639,34.81589355,86.16624603,51.35197449,3015.156934,185.7424011,311.1127441,1046.568432,3509.327734,1776.669433,0
1847.843897,148.2460571,29.56622963,34.6287117,88.78957367,51.35197449,3034.95332,186.0268463,309.2650024,1038.945349,3521.51792,1782.892822,0
1844.801489,147.0208832,29.35352287,34.25434646,87.1752182,51.35197449,3019.979101,186.3112854,308.8030701,1044.562353,3505.815332,1778.932495,0
1850.333154,144.1621399,29.56622963,33.87998123,86.77162933,51.35197449,3027.846924,190.5779572,313.4224121,1056.59878,3514.699658,1781.761279,0
1851.162866,142.7327728,29.56622963,34.06716461,88.78957367,51.35197449,3023.278467,192.0001831,312.9604736,1058.404248,3513.873291,1782.515649,0
1860.013476,140.2824188,29.77893639,33.69279861,87.57880707,51.35197449,3028.100684,194.5601898,314.1153076,1064.221851,3510.980664,1783.269971,0
1847.843872,144.1621429,28.92810936,33.87998123,86.16624603,51.35197449,3027.846973,196.551294,317.1178833,1070.841895,3518.005469,1784.212915,0
1857.80083,134.7691406,28.92810936,32.94407119,87.37701264,51.35197449,3020.23291,199.3957428,313.8843384,1073.650391,3499.616894,1782.327051,0
1856.41792,138.8530518,29.14081612,33.3184349,88.58777924,51.35197449,3031.146289,202.5246399,320.5823853,1086.890454,3519.865088,1787.607446,0
1855.311597,134.9733337,28.92810936,33.13125305,88.78957367,51.35197449,3025.308887,205.3690826,317.8107849,1086.489282,3509.947607,1786.475928,0
1861.672974,132.727182,28.92810936,32.94407119,88.3859848,51.35197449,3031.653906,206.2224152,318.5036865,1088.896557,3515.319532,1788.173242,0
1858.077441,138.2404724,28.92810936,33.50561676,86.77162933,51.35197449,3092.82002,181.7601684,320.5823914,1048.574512,3603.75,1812.877978,0
1853.6521,136.6069031,28.7154026,33.13125305,88.9913681,51.35197449,3088.251611,187.7335083,317.5798157,1063.218823,3582.468896,1814.009497,0
1858.630591,132.9313812,28.7154026,32.56970672,88.18419037,51.35197449,3075.815332,195.4135193,320.8133545,1077.060742,3565.939795,1807.974756,0
1849.779956,138.2404694,28.7154026,33.3184349,89.39495697,51.35197449,3066.678467,197.1201813,315.2701477,1073.44978,3547.75791,1805.334521,0
1851.439429,133.7481613,28.7154026,32.75688896,88.78957367,51.59082108,3069.216455,198.2579621,317.1178772,1077.261304,3551.270264,1805.52312,0
1851.162891,132.727182,28.7154026,32.5697071,87.37701263,51.35197449,3068.962744,198.5424072,318.7346497,1082.075903,3554.782715,1807.974731,0
1752.699683,41.86011124,15.31488132,15.16176014,84.1483017,42.51465912,2829.88208,116.9067779,226.5787659,791.3958862,3232.672461,1628.44082,0
1751.316772,43.08528519,15.52758789,15.16176014,81.52497406,42.27581329,2807.29375,112.9245529,218.2639496,766.520581,3200.23418,1613.165308,0
1735.551587,44.31045914,15.31488132,15.53612461,83.5429184,43.47004471,2789.273926,111.7867737,212.2588043,754.6847534,3172.341357,1604.301758,0
1725.594653,45.94402313,14.88946819,15.91048908,83.13932953,44.18658447,2785.974463,111.2178833,211.5659027,751.4750366,3167.382617,1601.850147,0
1725.041504,46.3524147,15.10217476,15.91048908,83.74471283,44.18658447,2777.852832,110.0801041,209.7181641,745.2562134,3156.018945,1595.815405,0
1716.190894,46.96500397,15.10217476,16.09767113,82.93753509,44.18658447,2771.761621,109.7956589,209.9491333,745.2562134,3153.126319,1593.929566,0
1712.871924,46.7608078,14.88946819,16.47203522,81.72676849,44.18658447,2771.000196,109.7956604,209.9491303,744.453772,3150.027149,1592.043701,0
1718.956689,46.96500321,15.74029445,16.28485317,83.94650726,44.18658447,2768.462207,110.0801056,210.4110657,747.0616699,3149.613916,1592.420874,0
1719.233301,46.55661163,15.52758789,16.47203522,82.3321518,44.18658447,2765.67041,110.6489945,209.487201,743.2501221,3142.589014,1588.083398,0
1717.297217,46.96500397,15.52758789,16.65921726,82.73574066,44.18658447,2764.401416,110.3645508,211.3349335,746.6604492,3145.894873,1589.214893,0
1720.339624,46.7608078,15.10217476,16.28485317,83.5429184,44.18658447,2765.162793,110.0801056,211.5659058,747.4628662,3146.101465,1589.026343,0
1722.275659,46.7608078,15.31488132,16.28485317,87.7806015,44.18658447,2769.47749,110.3645493,211.5659027,748.2653198,3151.060205,1591.477954,0
1723.935156,46.35241547,15.74029445,15.91048908,81.72676849,43.94773788,2765.162842,110.6489945,211.7968689,747.2622681,3147.754395,1588.837744,0
1725.318066,46.1482193,15.74029445,16.47203522,82.13035736,43.94773788,2765.924219,110.0801056,211.5658996,746.0586304,3145.894824,1588.271997,0
1725.318066,46.35241547,15.95300102,16.28485317,83.5429184,43.94773788,2763.386231,109.7956604,210.4110687,744.2531738,3141.556006,1588.460547,0
1726.147803,45.94402389,15.31488132,16.09767113,81.52497406,43.70889129,2760.848145,108.9423248,209.2562348,741.4446655,3140.522949,1587.517627,0
1726.147827,46.1482193,15.52758789,16.09767113,83.34112396,43.70889129,2763.893799,108.3734375,205.5607575,734.2227905,3136.597217,1588.83772,0
1723.10542,46.35241547,15.74029445,16.65921726,82.73574066,44.18658447,2765.67041,107.8045456,205.7917236,735.8276489,3138.870019,1590.157837,0
1725.041504,46.35241547,15.95300102,16.28485317,81.92856293,44.18658447,2764.401367,107.8045471,206.4846252,736.4294678,3139.696484,1589.780688,0
1723.935132,46.7608078,15.95300102,16.65921726,82.73574066,44.18658447,2759.832959,106.9512146,205.3297882,732.4173218,3131.638623,1585.631763,0
2270.737646,58.60415726,28.28998909,16.84639931,100.4936508,26.03425789,4582.378711,290.4180481,546.0063232,1440.561182,3746.31333,1968.2729,0
2168.125781,63.30065537,26.8010418,16.84639931,104.5295395,30.81118545,4494.309668,270.5069214,506.9728699,1326.415601,3626.477441,1917.354688,0
2170.891553,62.27967834,26.58833504,16.84639931,105.9421005,30.33349304,4501.923633,231.2535553,509.0515747,1207.856689,3703.750928,1869.830981,0
2170.891602,62.27967834,26.58833504,16.65921726,103.9241562,29.85580063,4515.882715,236.9424469,508.5896362,1224.306519,3695.073096,1878.128784,0
2164.806787,62.27967834,26.58833504,16.84639931,104.5295395,30.09464684,4485.680371,242.0624481,514.1328552,1248.580005,3686.602051,1867.56792,0
2157.062451,62.27967834,26.58833504,16.65921726,104.5295395,29.85580063,4493.548242,256.2846863,527.9908813,1297.728784,3710.155957,1875.111401,0
2161.764404,62.07548294,26.58833504,16.47203522,107.7582504,29.61695404,4480.604297,256.2846832,529.8386109,1299.133008,3709.536133,1868.32229,0
2165.08335,62.27967834,26.58833504,16.47203522,105.3367172,29.85580063,4476.797461,256.0002441,530.5315186,1298.531201,3708.296387,1866.436426,0
2160.934668,61.87128753,26.58833504,16.47203522,108.7672241,29.85580063,4472.990332,255.7157959,530.5315186,1298.531201,3709.122901,1864.927759,0
2163.423877,62.27967834,26.58833504,16.47203522,103.3187729,29.85580063,4470.959864,255.7157989,530.9934571,1296.725732,3710.155908,1863.984839,0
2163.423877,62.27967834,26.58833504,16.84639931,104.3277451,29.85580063,4469.690821,255.1469086,529.3766724,1294.117871,3705.197168,1863.796265,0
2155.402978,62.07548294,26.58833504,16.28485317,104.9331283,29.85580063,4469.690821,254.5780182,530.0695801,1294.719653,3707.05669,1865.116357,0
2158.722021,62.07548294,26.58833504,16.47203522,105.7403061,30.09464684,4469.437012,255.7157989,531.2244263,1297.92937,3710.3625,1864.362012,0
2148.765039,62.27967834,26.58833504,16.47203522,103.9241562,30.33349304,4469.944629,256.5691253,531.917334,1300.737891,3709.742676,1866.247827,0
2147.935254,62.27967834,26.58833504,16.47203522,106.143895,31.05003166,4472.482715,255.7157989,532.6102417,1300.33667,3711.808789,1865.870654,0
2152.360596,62.07548294,26.58833504,16.28485317,105.5385117,30.57233925,4472.990332,256.5691314,532.6102417,1303.14519,3710.982373,1867.56792,0
2142.403613,62.07548294,26.58833504,15.91048908,107.3546631,30.33349304,4472.736524,256.8535705,533.0721802,1302.94458,3711.602246,1867.002148,0
2147.658691,62.27967834,26.58833504,16.47203522,104.9331284,31.05003166,4475.27461,258.2757934,532.6102417,1304.348804,3711.808789,1869.453784,0
2150.147998,62.27967834,26.58833504,16.28485317,104.9331284,30.57233925,4478.573926,256.5691284,533.0721802,1302.342749,3713.255127,1869.076587,0
2150.424561,62.27967834,26.58833504,16.28485317,105.7403061,31.05003166,4481.873242,256.5691284,534.2269898,1303.947608,3718.627099,1870.20813,0
1744.125635,106.3859421,18.29277535,25.83114662,94.84340668,56.12890244,3895.339013,166.6846069,337.2120239,1173.352246,3549.617432,1910.376978,0
1816.313525,77.79854736,18.08006859,21.5259552,98.47570648,55.65121079,3868.436133,181.7601715,350.1461853,1214.877954,3550.237207,1892.272729,0
1784.230029,77.59435272,18.08006859,21.5259552,101.9062134,56.12890244,3855.238428,188.3023987,353.379718,1229.923511,3545.898291,1888.878174,0
1777.592065,79.43211212,18.08006859,21.90031967,98.47570648,56.12890244,3847.624414,190.5779572,356.8442322,1238.148413,3547.757813,1885.10647,0
1763.209815,81.2698761,18.08006859,22.46186638,99.68647309,56.12890244,3845.086426,192.5690735,358.6919678,1243.965991,3547.757861,1883.786353,0
1762.656665,80.45309143,18.08006859,22.27468414,97.46673431,56.12890244,3842.548438,194.8446289,359.8468017,1251.589087,3546.518115,1883.597754,0
1760.720557,80.86148376,18.08006859,22.08750191,99.28288423,56.12890244,3845.340235,197.9735169,362.1564758,1260.014575,3548.377686,1884.540698,0
1751.04021,82.90344086,18.08006859,22.46186638,97.26493988,56.12890244,3841.533154,198.257962,362.6184143,1259.212158,3550.030615,1883.032007,0
1734.445288,84.94539795,18.08006859,22.46186638,98.47570649,56.12890244,3838.741455,199.680188,364.9280762,1265.029785,3553.95625,1881.334741,0
1738.594019,83.51602631,18.08006859,22.46186638,97.06314545,56.12890244,3834.680517,197.1201813,364.4661438,1262.622485,3550.65044,1879.448877,0
1722.828858,83.51602631,17.44194832,22.08750191,97.46673432,56.12890244,3833.919189,198.8268524,363.7732483,1263.826147,3544.452002,1879.82605,0
1715.63772,82.49504852,17.01653481,21.5259552,97.46673432,56.12890244,3829.350684,201.3868591,362.1564758,1268.038867,3535.154346,1879.637476,0
1707.063696,82.90344086,17.01653481,21.90031967,97.26493988,56.12890244,3827.320361,208.4979767,365.1590515,1285.692334,3532.675098,1880.580371,0
1698.766235,82.08665619,17.22924157,21.71313744,100.090062,56.12890244,3820.467725,210.4890869,365.1590393,1289.704492,3525.856787,1878.12876,0
1697.106738,84.33280945,17.01653481,21.90031967,98.27391205,56.12890244,3819.45249,215.0402008,369.3164612,1304.348828,3529.162598,1877.374439,0
1712.31875,81.88246307,17.65465508,21.90031967,97.66852876,56.12890244,3809.554248,219.5913208,368.8545166,1311.771265,3516.145947,1874.168457,0
1693.511157,88.41672058,17.01653481,22.46186638,98.27391206,56.36774903,3815.13789,218.4535431,371.3951599,1307.759155,3534.327978,1875.677124,0
1693.511157,85.55798492,17.01653481,22.08750191,97.06314545,56.12890244,3817.675928,210.48909,367.6996826,1292.914233,3530.815527,1876.242896,0
1688.53269,85.76217804,17.01653481,22.08750191,97.06314545,56.12890244,3830.365918,213.3335358,373.704834,1307.558569,3548.790918,1880.580395,0
1674.427026,86.57896271,17.01653481,22.46186638,97.66852875,56.12890244,3820.721533,217.3157593,370.471289,1311.971924,3530.608935,1879.260303,0
1444.310815,60.44191742,15.95300102,14.4130312,80.51599884,44.66427765,3345.859668,205.6535278,391.951239,1241.358106,3506.84834,1745.175586,0
1382.356494,60.85030823,15.52758789,13.85148449,82.13035736,45.38081665,3316.16499,234.3824402,419.436322,1323.406494,3473.377002,1728.768579,0
1361.612842,60.23772125,15.10217476,13.85148449,81.32317658,45.14197082,3394.081934,188.0179566,366.0829163,1154.695727,3542.179297,1754.039136,0
1374.33562,59.62513428,15.31488132,13.85148449,81.52497406,44.66427765,3444.33457,188.3024017,411.5834412,1230.324732,3612.841016,1770.634692,0
1359.400195,59.42093887,15.10217476,13.85148449,81.12138367,45.38081741,3464.892383,193.7068543,424.0556701,1247.376343,3636.394971,1777.989551,0
1353.591992,60.03352509,14.88946819,14.03866673,81.9285614,45.38081741,3475.805811,195.1290771,427.0582398,1252.391504,3648.99834,1783.458569,0
1344.741309,60.23772049,14.88946819,14.03866673,81.52497253,45.14197082,3483.166065,192.2846283,427.0582398,1248.178784,3656.436426,1784.967236,0
1343.08186,60.23772049,15.10217476,14.03866673,81.52497253,45.38081741,3488.749658,192.5690735,428.9059814,1251.388477,3663.254639,1787.418872,0
1345.571094,59.62513428,14.88946819,13.66430226,81.3231781,44.66427765,3496.871338,197.4046295,435.3730591,1268.841309,3670.072949,1793.265063,0
1335.890723,60.23772049,14.88946819,14.03866673,80.51599731,45.38081741,3504.73916,197.6890717,440.2233704,1273.455273,3683.296192,1797.036743,0
1342.528687,59.42093887,14.88946819,13.85148449,80.91958771,44.66427765,3514.637403,198.5424072,445.535614,1281.479541,3693.833447,1800.431323,0
1301.317993,59.62513428,15.95300102,13.85148449,76.48010559,42.75350494,3523.26665,197.9735169,445.7665833,1280.877759,3703.750928,1805.145923,0
1301.041406,57.78737411,15.10217476,13.10275555,77.28728332,42.51465835,3527.83501,197.1201813,444.6117432,1276.66499,3704.16416,1805.334522,0
1268.404736,57.99156952,14.88946819,13.10275555,76.48010712,42.51465835,3533.164893,197.1201813,447.6143188,1282.883838,3710.569189,1808.351904,0
1275.872485,57.37898254,14.88946819,13.10275555,76.48010559,42.51465835,3535.95669,197.4046265,448.7691528,1283.084424,3714.494824,1809.483423,0
1262.596533,57.99157028,14.88946819,13.10275555,76.68190002,42.51465835,3537.479541,198.5424073,452.6955994,1289.704468,3718.627099,1810.04917,0
1270.340796,57.37898254,14.88946819,13.10275555,77.08548889,42.27581177,3544.839697,197.9735169,452.6955933,1287.698413,3723.58584,1812.50083,0
1262.043335,57.99157028,14.88946819,13.10275555,76.27831116,42.51465835,3548.900537,196.551294,450.6168884,1280.877759,3727.718115,1815.329614,0
1259.000952,57.99157028,14.88946819,13.10275555,78.09446259,42.75350494,3547.8854,190.8624024,445.3046387,1267.838306,3725.23877,1816.08396,0
1261.766773,57.99156952,14.88946819,13.10275555,77.28728485,42.75350494,3547.633592,190.0088668,443.4589031,1265.232395,3723.372559,1815.708787,0
1961.519067,47.16919861,27.65186882,21.33877296,84.55189057,40.60388794,2979.878516,151.8934753,431.2156555,1032.726477,3520.898096,1621.840283,0
1955.987427,51.66150436,26.8010418,22.64904862,84.753685,42.99235153,3092.820019,124.5867844,481.3355225,1033.127698,3634.948633,1635.041309,0
1961.24248,52.68248291,27.43916206,22.83623085,86.36804047,42.75350494,2899.423584,63.43117066,182.2330749,495.2994843,3166.349658,1480.777881,0
1972.305786,50.64052505,27.43916206,22.46186638,85.56086273,41.79811859,3033.684375,84.48007965,337.2120239,796.4110718,3544.03877,1579.408423,0
1968.433594,52.47828674,28.7154026,23.21059532,85.56086273,42.27581177,3066.424707,94.15119781,364.6971131,844.5568237,3575.237451,1595.061084,0
1967.327295,53.49926453,29.14081612,23.77214203,85.56086273,42.27581177,3059.82583,93.29786529,350.3771546,830.1131104,3560.361231,1595.438232,0
1966.497559,52.06989594,28.07728233,23.02341309,84.753685,42.27581177,3059.064404,95.00453339,364.2351746,844.9580566,3566.146435,1592.798047,0
1964.284863,51.86569977,28.92810936,23.21059532,85.9644516,41.79811859,3058.556836,94.15119781,363.0803467,842.3501465,3562.427392,1591.666528,0
1958.47666,52.68248138,28.50269585,23.39777756,86.77162933,42.51465835,3067.186035,94.435643,358.9229431,841.7483276,3570.485254,1599.775708,0
1959.85957,52.27409134,27.86457558,22.83623085,86.36804047,42.27581177,3081.398975,95.00453491,345.9887695,833.322815,3573.584521,1610.336523,0
1962.348779,51.4573082,27.65186882,22.46186638,86.36804047,42.03696518,3079.876221,97.28009186,362.3874451,853.3835449,3579.989502,1607.884912,0
1963.455127,50.84472122,26.5883358,22.08750191,85.56086273,42.51465835,3072.769678,96.71120453,362.8493774,851.5781006,3575.444043,1603.924585,0
1960.965893,51.86569977,27.22645531,22.27468414,86.97342376,42.75350494,3068.962695,96.14231415,361.9255005,848.3683716,3568.625781,1601.472949,0
1965.94436,51.04891662,28.28998909,22.83623085,86.5698349,42.27581177,3073.023486,96.71120453,366.0829163,851.5780884,3576.270508,1602.604492,0
1964.561474,50.43633041,28.28998909,22.83623085,85.15727387,41.55927277,3073.784912,96.711203,365.3900147,852.5811157,3573.17124,1603.170215,0
1959.583008,51.25311279,29.56622963,23.21059532,84.55189057,41.79811859,3075.561524,96.42675934,363.542273,850.1738281,3572.758057,1603.170239,0
1960.412719,51.4573082,29.77893639,23.39777756,85.3590683,41.55927353,3075.307715,95.57342377,366.5448425,850.3744385,3579.989502,1601.472973,0
1960.41272,51.86569977,29.56622963,23.21059532,85.9644516,41.55927353,3074.038721,95.57342377,361.9255005,845.1586548,3574.617529,1600.907226,0
1960.412744,51.86569977,29.35352287,23.02341309,85.3590683,41.79811859,3074.038672,95.57342377,364.6971131,847.1647339,3574.410986,1599.209937,0
1961.79563,49.61954727,29.56622963,22.64904862,85.9644516,40.60388947,3076.830567,95.28897858,363.7732422,844.3562256,3578.129932,1599.209937,0
1527.562012,75.7565918,32.75682907,25.26959991,67.19756164,38.69311676,2890.540527,104.3912094,281.7799004,551.4695465,2585.972705,1610.147974,0
1523.413257,79.02372131,32.1187088,25.45678215,66.99576721,39.40965652,2644.099658,43.23559647,46.19342804,85.65932465,1716.130518,1457.016064,0
1522.860083,79.63630829,32.1187088,25.45678215,69.01371155,39.40965652,2735.214258,45.22670974,48.27213288,101.9085221,1902.908936,1523.775562,0
1517.605054,80.6572876,31.69329567,25.45678215,67.60115051,38.93196334,2750.188525,46.36448898,49.88890228,121.1668243,1997.33125,1575.636694,0
1519.541113,81.26987457,31.69329567,25.45678215,68.61012268,39.40965652,2846.37915,49.49337997,55.6630806,154.4676361,2196.299853,1634.098389,0
1519.264527,81.88246155,31.26788292,25.64396438,68.00473938,39.40965652,2865.921826,50.34671478,57.51081848,160.2852478,2233.903564,1653.145581,0
1523.689844,79.02372284,31.90600204,25.45678215,68.00473938,38.69311676,2883.68794,50.34671478,59.3585556,168.3095398,2277.292285,1659.557519,0
1523.966431,77.39015503,31.69329567,25.26959991,67.60115051,38.45427017,2915.159278,51.76893921,62.13016052,181.7502319,2330.1854,1684.450855,0
1532.540478,74.12302399,32.96953583,24.70805321,66.79397277,37.49888458,2926.072705,52.62227249,64.43983231,191.1787781,2362.623633,1698.594849,0
1534.199976,64.73002472,33.18224259,23.39777756,67.60115051,35.82696152,2942.569678,54.32893982,66.74950409,204.6194763,2398.367774,1731.220215,0
1532.540454,71.2642868,32.5441227,24.70805321,66.99576721,37.7377304,2965.919482,55.75116425,71.83078156,219.6650238,2457.459131,1744.986987,0
1528.944898,74.12302704,31.05517616,24.52087097,71.23345184,38.21542358,2972.264502,56.88894272,74.83335266,232.3032837,2482.459375,1752.719067,0
1533.923389,78.61533203,31.69329567,25.45678215,67.80294494,39.17080993,2999.167432,58.59561005,79.22173004,247.7500458,2527.914355,1778.743896,0
1537.51897,80.04470062,31.69329567,25.83114662,68.61012268,39.40965652,2993.330029,57.17338715,75.75722351,231.7014618,2510.76543,1769.126001,0
1535.859473,85.76217956,32.54412231,26.7670578,68.20653381,39.8873497,2987.23877,56.32005386,75.29528809,227.8899231,2504.773682,1761.959766,0
1537.518945,95.15518188,34.88389663,28.82606239,67.19756164,39.8873497,3006.527637,58.59561081,78.99076233,243.5372925,2536.798731,1779.498242,0
1535.859448,98.83070526,35.94743042,29.01324463,66.99576721,40.12619629,3008.811865,58.88005524,82.22430115,250.3579407,2563.658447,1785.155859,0
1535.029712,98.21811676,37.86179123,29.76197357,67.80294495,39.40965652,3013.126465,58.88005524,83.84107361,253.5676636,2576.881689,1783.45857,0
1530.327807,98.83070374,37.22367096,29.57479134,66.18858948,39.40965652,3031.400146,60.58672409,86.84364471,262.7955963,2601.05542,1805.145972,0
1525.625903,104.1397904,37.64908447,30.32352028,67.19756165,39.8873497,3047.897217,60.87116928,89.84621735,270.4186707,2634.733447,1821.930102,0
1428.269092,50.43633041,22.33420181,16.28485317,75.87472229,41.55927277,3026.070361,141.937915,94.92749634,499.9134399,2179.77085,1699.349194,0
1403.929883,50.64052582,22.33420181,15.72330684,76.07651672,41.55927277,3014.395508,145.6356934,96.54426575,506.1322693,2178.737793,1691.617163,0
1375.71853,48.80276489,21.48337479,14.78739567,76.07651672,41.32042694,3004.243408,147.6268036,100.4707062,521.1778198,2189.275049,1685.016602,0
1366.867895,49.82374344,21.48337479,15.34894237,77.28728332,41.79811859,3015.410693,153.6001434,104.1661804,535.0197388,2207.870264,1684.073682,0
1368.804004,50.43632965,21.9087883,15.53612461,75.67292786,41.79811859,3010.334668,151.6090271,103.0113449,531.0075928,2202.498389,1684.828028,0
1377.378003,50.64052505,22.33420181,15.91048908,75.87472229,41.79811859,3013.380273,152.1779205,105.7829513,538.0288574,2214.068652,1684.450879,0
1376.824854,51.25311279,22.12149505,15.91048908,78.49804993,42.27581177,3010.334668,154.1690338,105.5519851,539.2324951,2209.523193,1683.130762,0
1372.95271,51.25311203,21.9087883,15.91048908,76.48010559,42.75350494,3016.17207,156.7290405,107.6306885,548.4604126,2220.26709,1687.468286,0
1374.888794,51.04891662,21.9087883,15.53612461,75.67292786,42.03696518,3034.69956,156.4445923,105.5519821,539.4330933,2218.200928,1691.428589,0
1368.25083,50.64052582,21.69608154,15.53612461,76.27831116,42.03696518,3040.537012,151.0401428,103.9352127,530.8069824,2221.713379,1698.594824,0
1370.463477,50.23213424,21.48337479,15.34894237,77.08548889,41.79811859,3057.034082,154.7379242,109.0164902,546.4543579,2250.019336,1704.063794,0
1373.505884,51.25311203,21.69608154,15.72330684,76.48010559,42.75350494,3049.927637,149.9023621,106.013919,533.8161133,2240.308545,1701.423608,0
1379.590649,48.59856949,21.27066803,14.9745779,78.09446259,41.79811859,3053.734619,155.0223694,106.2448868,540.6367432,2239.068896,1705.761059,0
1369.63374,49.21115646,21.27066803,14.9745779,76.27831116,42.27581177,3067.439892,157.5823761,107.6306885,547.457373,2248.986328,1713.115942,0
1367.421069,49.21115646,21.27066803,14.60021343,77.08548889,42.03696518,3058.810645,155.5912597,106.7068191,543.6458496,2241.341602,1706.892603,0
1358.017285,49.61954803,21.27066803,14.9745779,78.49805145,42.03696518,3053.734619,154.1690338,104.6281143,537.0258057,2231.217578,1705.195313,0
1354.698315,49.0069603,21.27066803,14.60021343,77.48907776,42.03696518,3067.439941,157.2979309,107.8616562,547.4573975,2245.887207,1709.532813,0
1371.016626,47.98598175,21.27066803,14.4130312,77.69087219,41.55927277,3076.322949,157.2979309,108.7855225,549.4634644,2256.217822,1715.944775,0
1380.697021,47.78178635,21.27066803,14.4130312,76.68190002,41.32042694,3067.439892,157.0134857,107.8616562,546.8555664,2252.705371,1713.870288,0
1455.374146,46.96500321,22.33420181,14.78739567,78.09446106,41.08158112,3069.977881,159.004599,110.1713257,553.6762085,2265.515381,1718.396362,0
2137.148535,46.7608078,74.23463287,26.7670578,85.9644516,18.39117298,2839.526562,914.4897615,763.3463928,2062.443897,3135.150928,1711.230103,0
2317.756592,60.03352585,44.24299049,24.52087097,99.48467866,39.88734932,2976.071484,121.742337,263.7644775,912.9639404,3016.761523,1753.284815,0
2334.074854,67.18037262,33.18224258,23.77214203,106.5474838,46.81389389,2992.822363,126.0090088,261.9167358,916.3742554,3008.496924,1769.503198,0
2214.591553,67.38456955,31.90600319,21.90031986,104.3277451,47.05274048,2997.137012,119.466777,257.528363,894.1068359,2986.182764,1779.121069,0
1874.395752,58.19576568,23.3977356,14.03866673,106.7492783,42.75350571,3008.811816,132.2667938,261.4548035,935.8331665,2999.819238,1787.796021,0
1931.371631,55.33702621,22.54690857,13.47712002,104.5295395,39.64850311,3011.096094,142.5068024,259.8380371,952.88479,2991.141455,1792.13352,0
1951.00896,54.52024307,22.12149505,13.28993779,105.5385117,39.40965652,3004.243408,143.360138,254.5257904,936.8362182,2967.174316,1788.550415,0
1951.00896,54.72443924,21.69608154,13.10275555,104.9331284,39.8873497,3008.558008,140.8001312,256.1425537,941.4501709,2982.050488,1789.870508,0
1942.988062,55.13283157,21.9087883,13.28993779,103.9241562,40.60388947,3008.304297,142.5068024,254.5257843,936.8362061,2975.438867,1788.55039,0
1938.839331,54.52024307,21.27066803,13.10275555,106.143895,41.08158112,3012.618896,148.7645874,258.9141632,963.5169678,2990.934815,1793.076465,0
1915.053296,54.72443924,21.27066803,13.10275555,105.7403061,41.32042694,3039.014209,155.0223694,263.3025391,977.1582642,3004.364746,1807.597583,0
1900.947632,54.52024307,21.27066803,13.10275555,103.9241562,41.08158112,3004.497217,130.275676,238.8200195,886.8849853,2912.215137,1788.550391,0
1916.712769,54.72443924,21.27066803,13.10275555,105.7403061,41.55927277,3011.096045,137.386795,236.7413177,894.1068359,2919.653271,1790.813452,0
1895.415991,55.33702697,21.27066803,13.10275555,105.5385117,42.03696518,3006.273828,139.3779114,231.1981079,898.3196045,2917.79375,1795.339478,0
1895.969165,55.33702697,21.27066803,13.10275555,105.5385117,42.75350494,3007.035205,137.9556885,230.2742401,898.1189819,2921.926025,1799.111231,0
1890.714087,55.13283157,21.27066803,13.28993779,105.3367172,42.75350494,3006.273828,140.5156921,230.9671417,904.3378296,2931.016992,1798.922607,0
1900.117847,56.15380859,21.27066803,13.28993779,104.3277451,42.99235153,3003.73584,137.6712402,232.5839111,904.3378174,2939.281494,1797.225366,0
1920.031763,55.54122238,21.27066803,13.28993779,104.7313339,42.99235153,3003.73584,140.8001343,231.1981079,907.1463257,2934.116211,1799.865527,0
1915.053271,56.35800399,21.27066803,13.66430226,104.7313339,42.99235153,3006.527637,142.7912476,233.5077789,923.1949097,2946.099756,1804.014404,0
1914.223535,56.15380859,21.27066803,13.47712002,105.3367172,42.99235153,3010.588476,148.7645843,238.3580902,941.4501831,2963.455322,1802.882935,0
2303.92749,120.6796402,48.07171173,22.83623085,98.47570649,20.30194397,3157.285498,106.0978805,196.0911011,652.9768432,3125.233545,1736.877808,0
2287.055957,119.8628555,47.2208847,22.64904862,98.87929535,21.01848335,3223.781348,103.8223236,189.6240234,637.5300659,3161.59751,1762.902661,0
2315.543896,122.5173996,46.79547119,23.02341309,103.5205673,22.92925491,3234.948633,100.9778748,185.69758,628.7033447,3154.366016,1764.411352,0
2306.416748,122.5173996,44.66840363,23.21059532,103.5205673,25.79541168,3223.781299,103.2534317,187.5453155,633.7185181,3149.820557,1760.828272,0
2281.247803,121.4964218,44.24299011,23.02341309,101.7044174,26.27310409,3230.887842,104.6756546,190.5478912,640.9404053,3157.465186,1764.411352,0
2280.69458,121.4964218,44.66840363,23.39777756,102.915184,26.98964347,3229.872607,104.1067657,190.0859589,639.3355347,3155.399072,1762.525513,0
2284.013623,121.2922256,45.51923065,23.5849598,103.1169785,26.27310448,3235.456201,103.2534317,190.0859588,638.131897,3165.316504,1765.165723,0
2299.225586,123.9467697,44.66840363,23.5849598,101.7044174,27.94502945,3238.755615,103.2534317,190.5478912,639.1349243,3168.622363,1766.674365,0
2290.09834,122.5173996,43.8175766,23.39777756,102.3098007,27.70618286,3241.039795,102.6845428,190.316925,636.7276489,3170.688477,1766.108618,0
2286.779395,121.9048141,44.66840363,23.39777756,101.502623,26.98964309,3245.86211,102.4001007,189.6240234,634.3203491,3173.581055,1768.56023,0
2282.907275,122.5174011,44.24299011,23.39777756,102.5115952,27.94502907,3248.907618,100.9778748,188.007254,630.7094116,3172.547998,1769.314575,0
2261.610498,121.0880295,44.24299011,23.21059532,100.4936508,26.75079727,3250.430518,100.9778748,186.8524201,626.8978882,3173.994238,1769.126001,0
2264.929443,120.8838333,44.66840363,23.39777756,99.88826751,27.22849006,3242.816406,101.8312103,187.7762848,630.5088135,3165.316504,1765.920044,0
2251.100293,120.0670532,44.03028336,22.83623085,99.48467866,26.5119503,3240.278418,101.26232,187.3143494,629.7063721,3164.490088,1765.542871,0
2257.738281,120.6796372,43.8175766,23.21059532,101.7044174,27.46733665,3239.77085,101.8312103,188.4691864,632.5148926,3165.316552,1764.599926,0
2252.759863,120.0670517,43.8175766,22.83623085,100.4936508,26.98964309,3238.248047,102.1156555,190.7788605,637.3294556,3167.589307,1764.599926,0
2259.397852,120.8838333,44.03028336,23.39777756,102.915184,27.46733665,3233.933349,100.9778748,187.7762817,630.107605,3164.903222,1763.845605,0
2265.482568,121.700618,43.39216308,23.21059532,102.1080063,28.42272186,3233.172021,100.9778748,188.007254,629.9069824,3166.556152,1763.657031,0
2255.802148,121.2922256,43.60486984,23.02341309,101.0990341,28.18387527,3235.709961,100.6934296,188.007251,630.910022,3165.316455,1764.222778,0
2264.929395,121.9048141,43.8175766,23.39777756,101.0990341,28.90041428,3236.217627,100.1245392,187.3143524,629.1045532,3166.762793,1764.599951,0
1617.451147,76.16498413,32.54412231,25.45678215,72.44421692,40.12619629,2873.535889,257.7069122,224.9619934,847.7665527,2586.179297,1410.812476,0
1625.19541,80.86148376,33.18224259,26.57987556,74.05857239,40.36504288,2926.072754,176.3557251,200.2485138,729.809436,2627.502002,1412.132568,0
1639.301099,80.04470062,34.03306961,26.20551109,74.26036682,39.8873497,2957.544043,175.2179413,207.8704285,739.2379883,2658.907178,1422.316211,0
1641.790357,82.29085236,34.67118988,26.95424003,74.46216125,40.36504288,2963.127686,178.3468323,209.0252655,742.8489014,2664.692383,1425.710791,0
1645.109351,76.16498413,34.45848312,26.20551109,75.26933899,39.40965652,3000.943994,164.6934906,206.7155914,717.3717773,2700.023291,1435.517236,0
1644.003027,79.22791748,34.45848312,26.95424003,74.26036682,40.12619629,3010.588477,159.5734863,205.098819,707.9432617,2708.081104,1436.271558,0
1644.27959,79.22791901,34.67118988,26.39269333,74.66395569,39.64850311,3019.725293,154.7379242,201.1723786,695.5055786,2715.519238,1438.345996,0
1642.343506,83.92441864,34.67118988,27.70296898,73.85677795,40.36504288,3030.63877,155.8757049,200.0175415,696.5086304,2720.271386,1443.626441,0
1649.534668,82.08665771,35.09660339,27.32860451,74.26036682,40.12619629,3036.222412,154.453479,201.8652771,695.7062012,2727.916016,1444.946533,0
1643.449829,88.82511444,34.88389663,28.07733345,74.05857239,40.60388947,3038.506543,156.7290405,203.7130218,700.7213623,2731.635108,1446.26665,0
1644.556177,91.88804931,35.09660339,29.01324463,74.26036682,41.55927277,3045.105371,155.3068146,206.0226898,702.5268432,2740.31289,1447.96394,0
1637.918189,94.9509842,34.45848312,28.63888016,74.26036682,41.55927277,3043.836377,156.4445953,204.8678528,702.928064,2739.486426,1448.90686,0
1647.875122,88.82511444,35.09660339,28.45169792,75.26933899,41.08158112,3053.988477,156.1601501,209.4871979,709.5480957,2751.676563,1450.226953,0
1650.364405,86.78315735,34.67118988,27.89015121,77.08549042,40.84273529,3054.242237,157.0134857,209.7181641,710.1499268,2752.91626,1451.54707,0
1652.023901,93.11322479,35.52201691,29.01324463,75.06754455,41.55927277,3058.303027,160.4268158,216.8781433,723.3899902,2761.800635,1451.735645,0
1660.874487,81.06567841,35.30931015,27.14142227,75.87472229,40.36504288,3064.140478,157.0134857,215.2613739,715.5663208,2766.552734,1453.244336,0
1660.597925,88.21252899,35.94743042,28.45169792,74.26036682,41.08158112,3064.140478,158.7201568,215.7233063,717.1711792,2766.759326,1453.621509,0
1667.235889,82.29085235,36.37284393,27.70296898,75.87472229,40.36504288,3067.186084,158.4357086,219.6497498,721.9857666,2773.99082,1453.432934,0
1666.682691,84.53700409,35.94743042,27.89015121,76.27831116,40.60388947,3068.962695,156.7290405,215.0304077,713.5602661,2769.651904,1454.375879,0
1672.490967,82.69924469,37.0109642,28.26451569,74.66395569,40.12619629,3070.739307,159.5734863,223.1142578,726.8003296,2782.255371,1455.1302,0
2023.749976,256.2655609,43.60486984,47.16992035,104.5295395,64.48852539,2598.415527,711.1117798,1379.104809,2489.135693,4125.655371,2312.442431,0
2041.727832,274.0305847,45.3065239,48.85456009,106.7492782,65.20506745,2634.962842,652.8006104,1183.244666,2243.993579,3978.959912,2263.598779,0
2106.171387,242.3802551,45.73193741,46.98273773,112.1977295,64.48852539,2665.672754,509.7249268,1013.714783,1957.125049,3823.379981,2195.141944,0
2077.960107,254.8361908,45.73193741,48.10583267,109.3726059,65.20506745,2677.347607,531.6271729,949.7368774,1916.602344,3747.139697,2223.995654,0
2071.045508,275.4599548,45.73193741,49.22892532,108.3636337,65.68276215,2639.277442,550.969397,997.0851442,1921.216309,3692.387158,2243.985742,0
2095.661279,263.8207977,46.15735092,49.04174271,108.3636337,65.68276215,2653.236572,547.5560669,964.2878052,1955.118994,3721.519629,2249.077588,0
2094.831494,258.5117127,45.73193741,48.29301376,108.969017,65.68276215,2642.830664,577.4227539,1040.737915,1994.437988,3729.370947,2297.167041,0
2192.188379,218.6935608,49.77336426,44.54936981,109.5744004,60.66698609,2651.459863,662.4717407,1191.559473,2279.701611,3960.98457,2400.889356,0
2263.269922,150.9005951,53.81479111,38.18517303,105.9421005,50.15774383,2627.348779,720.4984619,1221.354224,2382.613183,3948.381104,2368.829736,0
2123.04292,192.7607086,43.8175766,40.8057251,109.7761948,62.5777565,2637.247022,700.8717774,1180.704028,2347.707471,3944.455469,2340.353223,0
2256.355371,149.4712311,49.13524551,34.25434647,107.1528671,48.24697342,2660.089111,667.3072998,1190.866577,2273.884033,3938.670312,2382.97373,0
2201.038965,160.0894043,45.30652389,34.62871094,111.7941422,52.78505402,2646.637744,725.049585,1213.963306,2398.661767,3948.381103,2365.623779,0
2249.440771,136.1985107,47.85900497,31.25943107,105.1349228,41.79812012,2655.266943,684.9428589,1186.247241,2357.33667,3950.034033,2328.849463,0
2274.609766,137.4236847,48.07171173,30.69788475,106.7492783,40.84273376,2680.393213,645.1206177,1150.216357,2279.902246,3957.678711,2346.388037,0
2283.4604,142.1201843,48.92253876,33.13125305,107.556456,46.09735489,2677.601367,645.973938,1131.738989,2241.786816,3926.273437,2355.628711,0
2294.800293,142.5285751,49.34795227,31.63379516,106.3456894,41.79811936,2678.362891,637.440625,1120.190625,2172.176123,3889.90957,2365.435205,0
2302.268018,141.9159882,48.709832,33.13125343,107.1528672,46.09735489,2683.185058,645.9739502,1139.12998,2189.82959,3884.537549,2367.132422,0
2267.971826,153.9635315,47.2208847,35.00307541,108.3636337,52.30736084,2693.083301,671.0050659,1142.825439,2249.008642,3874.000293,2334.507129,0
2281.247754,144.7747314,48.28441849,32.00816002,108.3636337,44.18658371,2666.434229,680.6761963,1128.04353,2294.345947,3897.554248,2331.112549,0
2279.035156,143.1411652,47.43359146,32.38252449,106.9510727,46.33620224,2673.540625,655.9295044,1113.72356,2254.625733,3907.884912,2330.735352,0
3544.674072,354.6878662,64.45012665,72.62670441,165.4714783,99.59894866,2751.965186,709.1206787,1683.288501,3011.717676,4469.873242,2465.951611,0
3589.756934,296.2879089,62.7484726,66.07532425,170.7181366,98.88240966,2754.249365,676.125061,1580.970068,2881.122412,4398.385059,2477.266797,0
3421.318555,215.8348175,66.36448593,55.78030243,159.821228,84.79047089,2827.85166,649.3872803,1557.411401,2847.821533,4408.715527,2521.773047,0
3571.779053,172.3411407,60.83411331,51.84947663,162.8481445,85.98470306,2797.903174,679.822876,1478.882593,2809.906787,4262.84668,2517.435596,0
3606.075147,163.9691223,58.28163223,49.22892532,170.7181366,85.02931976,2826.328857,689.7784302,1403.125391,2803.687988,4170.283838,2547.797901,0
3622.393555,166.4194672,58.28163223,49.04174347,166.8840424,85.98470154,2792.319483,701.4406616,1408.668579,2816.326123,4185.779834,2561.941944,0
3664.987158,157.230661,59.55787201,47.91864929,165.2696869,82.40200806,2776.330029,664.7472901,1429.224658,2769.183496,4195.903906,2541.197412,0
3659.732129,161.9271637,57.43080521,47.91864929,169.50737,84.79047089,2784.705518,731.3073486,1360.627393,2841.80332,4093.630224,2555.152783,0
3650.881445,158.4558349,58.06892548,47.35710297,172.9378753,83.11854553,2827.344092,707.1295532,1417.214356,2844.611816,4199.622949,2581.366309,0
3627.648681,152.9425537,57.00539169,46.42119217,168.2966034,82.16316223,2833.181445,702.5784302,1423.219507,2834.982666,4196.317188,2574.954346,0
3669.689112,158.455835,56.15456467,46.23400955,169.1037811,84.07393188,2827.597852,689.778418,1436.615625,2826.958399,4215.945508,2570.239697,0
3609.394239,155.8012939,56.57997818,46.0468277,168.2966034,82.87970276,2815.66919,671.2895142,1411.671191,2765.371924,4179.787988,2567.03374,0
3480.506982,156.0054901,55.5164444,46.23400955,161.0319977,81.20777588,2748.411963,647.111731,1383.03125,2690.946631,4114.498291,2551.003955,0
3567.35376,147.0208801,56.15456467,43.80064011,162.2427643,77.86392517,2789.527686,643.1295044,1407.051831,2724.849268,4170.69707,2560.433203,0
3636.222656,147.8376617,57.21809845,45.11091538,165.6732758,80.01354523,2795.111328,680.6762207,1257.385107,2673.694434,3935.364453,2540.820264,0
3626.265625,144.9789245,54.45291061,43.23909378,167.2876312,80.01354523,2646.891504,671.2895264,1270.550244,2645.408789,3864.702734,2507.817725,0
3639.54165,139.8740356,55.09103088,42.49036484,168.2966034,77.1473877,2804.502002,696.3206665,1263.159302,2687.736914,3897.554199,2535.539893,0
3576.757569,142.5285736,52.96396484,41.74163513,171.3235199,78.81931153,2558.568701,690.916211,1182.551733,2587.834473,3632.262695,2437.475049,0
3585.054932,129.8684433,56.15456467,39.86981354,165.0678925,69.98199615,2647.145361,698.596228,1174.929859,2580.412012,3621.312158,2432.383252,0
3472.486133,123.3341827,55.5164444,38.37235565,158.2068695,65.44391174,2776.076221,717.9384522,1214.194263,2690.344824,3794.247558,2525.35625,0
2325.224316,163.56073,56.15456467,40.05699539,104.7313339,52.78505478,2763.63999,220.4446564,1064.989502,1394.421509,3306.433447,1859.647314,0
2381.09375,147.0208832,56.15456467,35.93898621,108.3636337,46.57504883,2716.179248,236.0891113,1062.217895,1518.396826,3316.557471,1918.674756,0
2382.75332,145.59151,54.45291061,35.19025726,109.5744019,45.8585083,2719.478564,273.6358154,1175.160816,1818.104175,3614.493946,2088.402246,0
2379.434424,147.2250763,54.24020386,35.56462097,111.9959366,47.05274048,2729.123096,301.7958374,1247.915454,2042.984961,3851.272803,2199.290869,0
2403.496972,144.5705292,54.45291061,35.00307541,111.9959351,45.61966247,2724.808399,301.2269532,1185.32334,1976.985132,3778.131689,2161.007861,0
2417.879199,143.3453583,53.17667084,34.25434646,113.4085007,45.61966247,2724.808447,283.3069336,1106.101624,1888.316748,3735.569336,2156.293237,0
2434.750781,142.7327728,52.96396408,34.44152908,113.2067032,45.38081741,2715.164014,283.0224854,1006.55481,1782.997925,3486.393652,2078.407227,0
2463.238721,137.6278794,51.26231155,33.69280014,116.2336243,45.85850906,2712.626025,271.0758118,1021.798621,1758.925024,3541.972607,2088.402271,0
2455.217822,133.7481598,51.0496048,33.3184349,117.2425964,45.14197082,2720.493848,264.5335815,1039.814063,1730.037573,3535.774268,2084.819116,0
2453.558301,132.9313797,49.77336426,32.38252411,117.2425949,46.33620148,2715.671631,256.5691253,984.151001,1650.195874,3376.681982,2023.340064,0
2462.96211,119.0460724,46.58276444,30.51070252,118.6551575,45.38081589,2722.524219,257.9913574,1041.892773,1696.937353,3529.369238,2083.310401,0
2444.984277,117.4125076,46.58276443,29.94915581,116.8390076,43.23119888,2714.402588,250.0269043,996.3922486,1623.113843,3362.219092,2013.344971,0
2407.092578,111.6950302,43.60487061,27.70296898,117.2425964,40.6038887,2711.610693,243.2002289,975.1432496,1560.123145,3253.54043,1963.181128,0
2401.837451,107.2027237,42.3286293,26.57987556,117.8479797,39.64850311,2704.504346,239.5024506,919.4801758,1494.32395,3096.514258,1901.513452,0
2407.369092,108.836293,44.88111038,27.32860451,118.453363,38.69311752,2704.504395,236.6580017,942.8078736,1497.934863,3127.919531,1907.925342,0
2427.283057,108.6320953,44.88111038,27.32860451,116.4354187,38.93196335,2702.220117,236.0891113,945.5794799,1513.181055,3191.556397,1923.955224,0
2439.176074,107.611116,44.66840363,27.32860451,115.426445,37.73773117,2700.697314,236.3735565,903.0815186,1462.628003,3027.092187,1867.37937,0
2411.241309,108.223706,42.75404358,26.57987556,118.453363,39.64850311,2694.352295,233.8135559,903.0815063,1447.381836,3007.463916,1863.04187,0
2416.772949,111.6950302,45.51923065,28.26451569,117.2425964,40.84273453,2693.844726,233.2446655,895.4596069,1435.345386,2974.40581,1852.858228,0
2412.62417,115.983139,46.37005768,29.01324463,118.453363,41.32042694,2692.829444,230.9691131,908.3937744,1439.357544,3007.877149,1857.007129,0
1119.327051,84.53700562,22.33420181,21.90031967,51.45759201,31.05003166,2350.705615,700.3028809,769.1205811,1618.098682,2219.85376,1160.370166,1
1127.347949,88.82511291,22.33420181,22.46186638,53.07194748,31.05003166,2369.486914,690.6317749,756.6483398,1600.64585,2220.886914,1160.747363,1
1133.156201,91.27546081,22.33420181,22.46186638,52.06297531,31.52772408,2369.486865,678.9695435,749.9503052,1594.226416,2221.50669,1161.690308,1
1141.177051,94.54259338,22.75961533,23.02341309,53.07194748,32.2442627,2379.385156,672.427295,755.0315796,1592.621582,2231.837402,1165.650537,1
1117.390967,88.21252899,21.69608154,21.71313744,53.07194748,31.05003166,2377.862402,667.0228394,742.0974365,1581.588159,2228.944873,1164.707617,1
1124.028979,91.07126465,21.27066803,22.27468414,54.08092041,31.28887787,2378.877539,674.1339722,751.5670654,1589.411841,2228.531592,1164.896191,1
1126.518213,89.43769989,21.48337479,21.90031967,53.27374191,31.05003166,2378.116113,664.7472901,742.790332,1579.582056,2228.738232,1164.707617,1
1131.220068,90.25448456,21.9087883,22.27468414,53.47553634,31.76657028,2377.608545,666.1695068,746.9477295,1583.99541,2230.184472,1165.27334,1
1132.326416,90.66287689,21.48337479,22.46186638,53.27374191,32.00541649,2379.638965,666.7384156,745.330957,1582.390576,2229.358056,1164.707642,1
1131.773242,93.31741943,21.69608154,22.64904862,53.07194748,32.2442627,2384.714991,672.4273072,761.036731,1594.427027,2234.730029,1166.782031,1
1133.709351,92.90902557,21.9087883,22.46186638,54.48450851,32.2442627,2383.192139,672.9962036,760.8057617,1595.028833,2232.870459,1165.650537,1
1131.49668,91.27546234,21.27066803,22.46186638,53.67733078,31.52772408,2384.461182,674.9873169,770.0444458,1601.247656,2236.589502,1166.593457,1
1131.220093,90.25448303,22.33420181,22.46186638,51.86118088,31.52772408,2384.461182,676.4095459,772.81604,1602.651904,2236.5896,1166.216284,1
1132.87959,92.50063629,22.33420181,22.46186638,53.47553635,32.00541649,2383.953565,673.849524,769.5825195,1600.044019,2235.556494,1166.216284,1
1128.730859,92.70483093,21.9087883,22.46186638,53.87912521,31.28887787,2383.699756,674.7028565,777.6663574,1606.062231,2236.589502,1166.216308,1
1140.623877,88.00832977,22.54690857,22.46186638,53.07194748,31.05003166,2383.192139,675.271753,770.9683228,1599.442212,2235.349853,1165.273364,1
1137.858057,87.59994049,22.54690857,22.46186638,53.47553635,31.28887787,2384.461182,675.2717408,773.50896,1603.454346,2236.589502,1166.970654,1
1132.049853,88.82511291,22.33420181,22.46186638,53.47553634,31.28887787,2385.476416,673.5650879,773.50896,1602.852515,2237.82915,1166.97063,1
1132.879614,90.05028839,22.33420181,22.46186638,53.27374191,31.05003166,2387.506836,677.5473023,778.1282959,1606.664063,2238.03584,1167.725,1
1130.666919,90.86707153,22.33420181,22.46186638,53.27374191,31.05003166,2389.029541,679.5384278,783.6714966,1612.682251,2239.48208,1168.290723,1
909.1248047,67.38457032,16.16570778,17.22076378,42.1750473,25.07887268,1829.144385,698.0273316,713.4574951,1297.728784,1552.4927,839.0194824,1
914.1032837,67.99715729,17.22924156,17.78231049,42.78043137,25.07887268,1857.062525,680.9606446,691.9775635,1275.461328,1557.244775,841.4711059,1
915.209607,62.68806839,17.44194832,17.22076378,41.97325363,25.07887268,1858.585328,677.5473023,691.5156128,1273.655884,1557.658008,842.2254516,1
917.1456909,59.62513504,17.22924157,17.22076378,41.97325363,24.84002609,1858.331543,668.7295288,676.5027588,1261.418848,1557.244775,842.0368652,1
914.1032837,66.56778717,16.59112129,17.59512825,42.78043137,25.07887268,1856.554956,658.7739502,664.4924683,1250.786645,1556.211768,841.6596924,1
911.890625,65.34261322,16.80382805,17.22076378,41.56966476,25.07887268,1857.316358,659.3428345,666.802124,1252.592139,1556.831567,842.0368652,1
909.1247925,65.95520172,16.16570778,17.03358155,42.17504806,25.07887268,1856.047315,654.7917236,658.9492554,1245.370288,1555.591943,841.2825195,1
911.3374634,65.34261322,16.37841454,17.03358155,41.56966476,25.07887268,1857.570142,655.9295044,664.261499,1249.382422,1556.831543,842.0368652,1
911.6140503,64.73002472,16.37841454,16.84639931,42.17504807,25.07887268,1857.062549,659.3428467,667.956958,1252.993359,1555.79856,841.0939331,1
912.7203979,64.73002472,17.01653481,16.84639931,41.36787033,25.07887268,1858.585328,658.7739502,671.4214844,1253.595166,1557.451416,842.4140381,1
911.8906372,63.91324158,17.01653481,16.84639931,41.97325363,25.07887268,1857.570142,657.6361572,666.3401856,1250.586035,1557.244775,842.2254516,1
911.6140503,64.32163239,16.59112129,16.84639931,42.17504807,25.07887268,1858.585328,654.5072876,665.416333,1249.181811,1557.2448,841.8482788,1
911.6140503,62.89226456,16.80382805,16.84639931,41.97325363,25.07887268,1859.346728,654.7917359,667.4950195,1250.586035,1558.691089,843.1683838,1
912.1672241,63.91324158,16.59112129,16.84639931,41.7714592,25.07887268,1859.600537,654.2228394,665.6472901,1249.984253,1558.484473,842.9797974,1
912.9969604,63.91324158,17.01653481,16.84639931,41.97325363,25.07887268,1860.615747,651.9472778,668.880835,1249.583008,1560.550635,844.2999023,1
914.3798584,62.68806915,17.01653481,16.84639931,41.56966476,25.07887268,1861.123315,652.5161621,669.3427612,1250.586035,1560.137402,844.2999023,1
914.9330323,62.68806915,17.01653481,16.84639931,41.56966476,25.07887268,1861.377124,652.8006226,668.8808472,1250.184814,1560.963867,844.1113159,1
914.3798584,62.27967834,17.01653481,16.84639931,41.7714592,25.07887268,1861.630957,655.3606201,674.1930908,1254.798804,1561.583716,844.4884888,1
915.4862061,62.48387375,17.01653481,16.84639931,42.3768425,25.07887268,1861.630932,657.9206177,676.9646973,1257.406714,1560.757251,844.1113159,1
915.4862061,61.87128753,17.01653481,16.84639931,41.36787033,25.07887268,1862.392334,661.6184204,681.8150024,1261.820068,1560.344018,844.1113159,1
1022.246826,39.81815415,18.71818886,16.65921726,48.02708664,26.27310371,1999.191138,687.5028687,658.4873169,1306.756104,1640.923242,848.8259521,1
1015.608863,45.12724228,18.5054821,17.59512825,46.81632004,26.5119503,2021.018067,692.622876,646.7079956,1299.534253,1645.262109,858.8209961,1
1012.013293,47.16919861,18.29277535,17.59512825,46.6145256,26.27310371,2021.271826,670.7206299,625.459021,1278.87168,1645.675293,862.2155517,1
1013.672791,46.96500397,18.5054821,17.78231049,47.62349777,26.27310371,2024.063599,664.4628418,613.4487305,1269.041919,1648.154687,864.6671753,1
1012.84303,46.1482193,18.29277535,17.78231049,46.0091423,26.27310371,2025.078833,664.4628662,610.4461548,1267.637671,1648.56792,865.6101074,1
1014.502515,46.35241547,18.29277535,17.78231049,47.01811447,26.27310371,2023.809815,661.0494996,599.8216797,1260.616406,1645.675293,863.5356567,1
1013.672766,46.1482193,18.29277535,17.78231049,46.81632004,26.27310371,2022.540869,656.2139526,590.1210449,1252.391528,1643.402588,861.0840332,1
1013.949366,46.1482193,18.08006859,17.78231049,46.21093674,26.27310371,2023.302246,660.7650635,592.1997559,1255.801856,1642.16294,862.0269653,1
1015.608838,45.73982773,18.08006859,17.78231049,46.81632004,26.27310371,2023.048462,653.9384034,582.2681763,1246.373266,1642.989404,863.7242432,1
1017.268359,45.73982773,18.08006859,17.59512825,46.41273117,26.27310371,2023.556031,655.3606201,582.9610596,1247.978149,1644.229028,863.9128296,1
1017.544934,45.12724151,18.08006859,17.59512825,46.21093674,26.27310371,2024.317408,642.2761719,569.1030274,1234.537475,1644.43562,863.7242432,1
1018.374671,44.92304611,18.29277535,17.40794602,46.0091423,26.27310371,2025.078833,653.3695068,580.6513916,1246.573901,1645.468677,863.7242432,1
1018.098108,45.33143692,18.08006859,17.59512825,47.01811447,26.27310371,2024.825025,650.2406128,574.8772217,1241.959961,1644.435645,863.9128296,1
1019.204419,45.33143692,18.08006859,17.22076378,47.82529221,26.27310371,2024.825025,656.7828369,579.9584961,1248.178784,1644.435645,863.1584839,1
1019.480994,45.94402313,18.08006859,17.40794602,48.43067551,26.5119503,2023.302222,665.6006226,590.1210449,1258.610352,1642.989404,862.4041382,1
1019.757593,45.12724151,18.08006859,17.03358155,47.01811447,26.27310371,2021.525635,673.5651001,593.3545654,1263.224316,1640.51001,861.4612061,1
1020.863904,45.33143692,18.08006859,17.22076378,48.63246994,26.5119503,2022.540821,672.7117432,592.6616699,1263.224341,1641.749707,861.6497925,1
1021.417065,45.53563232,18.08006859,17.03358155,46.6145256,26.5119503,2023.302246,667.5917359,587.1184692,1257.406689,1641.336475,861.4612061,1
1020.863916,45.33143692,18.08006859,17.03358155,47.42170334,26.27310371,2023.048438,665.8850708,583.1920288,1253.795752,1642.16294,861.8383789,1
1020.863916,45.53563232,18.08006859,17.03358155,47.01811447,26.5119503,2023.556006,659.911731,580.6513794,1250.98728,1642.782788,862.0269653,1
908.0184815,53.49926453,19.7817215,16.84639931,42.78043136,23.88463974,2083.453027,705.7073364,707.683313,1410.871289,1674.601196,848.2602173,1
907.4653198,55.54122162,20.20713501,16.84639931,42.9822258,24.36233292,2098.427344,711.9651123,696.8278564,1400.640308,1669.849097,846.7515259,1
911.0608765,53.09087296,20.84525452,16.84639931,43.38581467,23.88463974,2099.950097,709.1206787,705.6046143,1405.655518,1671.91521,847.5058716,1
912.1672119,52.06989594,21.48337479,16.84639931,41.97325363,23.88463974,2099.188721,701.1562256,699.3685059,1397.831836,1669.64248,846.9401123,1
914.9330323,51.45730896,21.27066803,16.84639931,43.38581467,23.88463974,2098.427442,692.9073242,691.7466064,1389.005127,1669.435913,847.1286987,1
914.3798706,53.90765686,21.27066803,17.22076378,42.9822258,23.88463974,2098.427393,682.0984253,675.8098511,1373.55835,1668.816064,847.1286987,1
913.5501221,54.72443924,21.27066803,17.59512825,41.97325363,23.88463974,2099.188819,677.262854,673.5001709,1370.749805,1669.022681,847.694458,1
916.0393433,52.47828674,21.27066803,17.03358155,42.1750473,23.88463974,2097.666016,676.1250855,669.3427735,1367.540137,1667.576367,847.1286987,1
913.826709,52.68248291,21.27066803,16.84639931,42.9822258,23.88463974,2099.950146,676.1250855,670.4976074,1368.743799,1668.816064,847.8830444,1
912.443811,52.88667832,21.27066803,16.84639931,43.18402023,23.88463974,2097.412207,667.3072876,658.4873169,1356.907934,1666.956519,846.9401123,1
912.1672241,52.0698967,21.27066803,16.84639931,43.5876091,23.88463974,2098.173633,662.4717408,652.4821655,1351.090308,1667.9896,848.0716308,1
912.7203979,51.25311279,21.48337479,16.84639931,42.78043137,23.88463974,2098.68125,661.3339478,650.8654175,1350.08728,1668.609448,848.2602173,1
912.7203979,51.04891586,21.9087883,16.84639931,42.57863693,23.88463974,2096.396973,652.5161621,637.9312378,1336.245386,1665.510205,847.3172852,1
913.2735473,52.68248215,21.48337479,16.84639931,42.3768425,23.88463974,2096.396973,651.378418,636.7764038,1334.239331,1665.716821,847.5058716,1
914.3798584,52.47828751,21.27066803,17.03358155,42.57863693,23.88463974,2093.858936,638.8628296,625.4590088,1319.795557,1664.683765,847.1286987,1
914.9330323,51.66150436,22.12149505,16.84639931,42.57863693,23.88463974,2094.366504,636.5872681,621.0706421,1317.187671,1664.477124,847.3172852,1
915.209607,51.66150436,22.12149505,16.84639931,43.18402023,23.88463974,2096.396973,645.6894897,632.6189941,1328.822925,1666.749902,848.2602173,1
914.9330323,51.25311279,22.12149505,16.84639931,42.3768425,23.88463974,2095.12793,638.5783813,623.3803101,1319.19375,1664.68374,847.694458,1
914.1032715,51.25311203,22.33420181,16.84639931,42.78043137,23.88463974,2095.381739,639.7161621,624.7661255,1320.598022,1664.890357,847.694458,1
915.2096192,51.66150436,21.69608154,16.84639931,42.57863693,23.88463974,2094.620313,639.7161621,623.3803101,1319.193774,1664.270508,847.5058716,1
981.0361084,50.02793884,11.6988678,13.10275555,50.04503097,27.94502907,2424.054101,742.6851684,634.4667481,1438.956323,1944.438257,953.4911987,1
982.4190308,50.64052505,11.6988678,12.35402661,51.45759201,28.66156769,2437.251904,736.9962524,624.5351441,1424.913843,1940.719214,951.9825073,1
979.9297851,49.82374344,11.6988678,12.16684437,51.65938644,28.66156769,2441.566406,709.4051148,603.0552124,1399.837915,1943.611767,952.1710938,1
965.8241089,52.2740921,11.06074753,12.35402661,51.25579758,28.66156769,2430.653027,684.6584229,554.5521118,1354.099463,1926.462915,946.8907105,1
965.5475098,51.66150436,11.06074753,12.16684437,50.85220871,28.66156769,2432.683447,669.8672974,552.9353394,1346.476367,1931.834814,947.6450562,1
970.8025635,51.4573082,11.27345428,12.16684437,51.25579758,28.66156769,2451.21084,678.685083,571.4126953,1363.728589,1946.50437,953.3026245,1
973.0152344,51.86570053,11.6988678,12.16684437,51.45759201,28.66156769,2422.531348,666.7384278,527.9908692,1325.011377,1918.404956,944.0619385,1
973.0152344,51.66150436,11.6988678,12.16684437,51.86118088,28.66156769,2439.028418,620.9428223,516.9044678,1298.932422,1938.859668,949.9080688,1
973.8449829,51.25311279,11.6988678,12.16684437,52.26477051,28.66156769,2450.449463,637.1561768,534.2269775,1319.594995,1945.884546,952.1710937,1
976.8873779,51.4573082,11.6988678,12.35402661,52.87015381,28.66156769,2448.92666,620.94281,516.9044617,1299.333642,1943.405176,951.0395752,1
979.1000366,51.04891586,11.6988678,12.16684437,50.65041427,28.66156769,2448.672803,625.7783813,521.754773,1305.351856,1942.578759,950.8509887,1
982.1424316,51.25311203,11.6988678,12.54120884,52.06297531,28.66156769,2448.165186,619.520581,514.5947937,1296.926367,1941.752295,950.6624023,1
984.6316895,51.66150436,11.6988678,13.10275555,51.65938644,28.66156769,2448.165186,611.8405762,513.2089966,1294.920288,1942.165527,950.8509887,1
983.2487671,51.04891586,11.6988678,12.54120884,52.06297531,28.66156769,2444.865869,624.3561524,520.3689697,1304.950659,1938.239819,949.530896,1
984.6316895,51.04891586,11.6988678,12.35402661,51.65938644,28.66156769,2441.312597,633.458374,525.2192749,1310.968848,1936.586914,948.5880005,1
986.2911743,51.04891586,11.6988678,12.54120884,51.65938644,28.66156769,2441.312597,644.551709,536.3057007,1323.607105,1936.380298,948.9651611,1
985.7380005,51.04891586,11.6988678,12.72839108,51.25579758,28.66156769,2442.327832,644.2672729,535.612793,1322.202857,1937.206738,948.7765869,1
983.8019165,51.04891586,11.6988678,12.54120884,51.45759201,28.66156769,2442.327832,643.1295044,536.7676392,1324.409546,1937.413354,949.3423096,1
985.7380127,51.4573082,11.6988678,13.10275555,51.86118088,28.66156769,2443.596875,642.2761719,536.5366577,1322.403491,1938.859668,949.5308838,1
984.0785156,51.25311203,11.6988678,12.72839108,51.45759201,28.66156769,2445.373486,640.0006103,532.6102295,1318.792554,1938.44646,949.7194702,1
915.762793,33.48808823,10.63533401,9.359110832,47.21990891,25.07887268,2322.026074,734.4362671,615.5274292,1402.646411,1817.577637,900.6871216,1
922.6773193,33.69228363,10.63533401,9.546293068,47.62349777,25.07887268,2311.874072,923.0231079,711.3787964,1531.035083,1794.643555,890.503479,1
928.7621338,33.07969742,10.63533401,9.359110832,48.02708664,24.6011795,2360.603906,785.3518677,649.0176636,1431.734473,1836.172827,908.0419922,1
929.0387085,32.67130661,10.63533401,9.359110832,46.6145256,24.36233292,2364.15708,769.9918335,650.1725098,1428.524731,1841.5448,909.73927,1
929.0387207,32.67130661,10.63533401,9.359110832,48.22888107,25.07887268,2372.532519,738.4184692,634.4667481,1407.862207,1848.362988,912.7566528,1
930.4216065,32.67130661,10.63533401,9.359110832,48.02708664,25.07887268,2374.309131,748.3740478,638.3931885,1411.473144,1849.809302,914.0767578,1
929.5918579,32.67130661,10.84804077,9.359110832,47.82529221,24.84002609,2379.892774,749.7962646,643.7054077,1416.087085,1854.148242,915.2082764,1
930.4216186,32.67130661,10.84804077,9.359110832,47.62349777,25.07887268,2382.430713,747.2362671,648.3247558,1420.500464,1854.354858,915.2082764,1
932.910852,32.67130661,10.63533401,9.359110832,47.01811447,23.88463974,2383.699756,729.3162476,631.4641724,1400.038501,1855.801098,916.3397461,1
930.9747803,32.67130661,10.84804077,9.359110832,48.22888107,24.36233292,2382.684522,741.8318237,642.0886597,1410.470093,1854.974682,915.585437,1
930.1450439,32.67130661,10.63533401,9.359110832,47.42170334,24.36233292,2382.176905,731.3073486,629.3854614,1394.822705,1854.974707,915.7740234,1
930.1450196,32.67130661,10.84804077,9.359110832,47.42170334,24.12348633,2381.669336,720.2140137,627.3067627,1391.813623,1855.801123,916.5283203,1
930.1450318,32.67130661,11.06074753,9.359110832,47.42170334,24.12348633,2382.93833,719.3606934,626.613855,1391.412378,1856.007714,916.3397461,1
928.4855468,32.67130661,10.63533401,9.359110832,47.42170334,23.88463974,2383.445948,717.3695557,623.149353,1386.397193,1856.83413,916.9054931,1
928.4855468,32.67130661,11.06074753,9.359110832,48.02708664,24.6011795,2383.699756,716.5162354,623.1493408,1386.798413,1856.420922,916.5283203,1
929.3152832,32.67130661,10.63533401,9.359110832,47.62349777,24.36233292,2383.192139,713.6717896,620.3777344,1381.382031,1856.007714,916.3397461,1
930.9747803,32.67130661,10.84804077,9.359110832,48.02708664,23.88463974,2383.192139,709.4051148,617.1442138,1379.977808,1856.007714,916.9055053,1
932.3576904,32.67130661,11.06074753,9.359110832,47.82529221,23.88463974,2383.699756,699.4495484,607.6745483,1368.141919,1856.214306,916.7169067,1
932.3576782,32.67130661,10.84804077,9.359110832,46.81632004,23.88463974,2383.192139,705.422876,614.6035644,1374.761987,1856.627539,916.5283203,1
932.3576661,32.67130661,11.27345428,9.359110832,47.42170334,23.88463974,2381.669287,707.4139893,614.6035644,1376.968701,1854.974707,916.3397461,1
348.2166443,18.7860012,25.52480316,12.16684437,13.31843586,3.343849564,99.74382476,44.08893127,26.33025475,41.72632217,42.14912262,266.283548,1
346.5571594,18.78600082,25.52480316,12.16684437,13.31843567,3.343849564,104.3122451,46.93337783,26.79218903,43.13057327,43.59541779,283.2562927,1
345.727417,18.37760925,25.52480316,12.16684437,13.72202492,3.343849564,104.8198456,47.78671188,26.56122208,43.53178787,43.59541855,286.462262,1
344.0679321,18.37760925,25.3120964,12.16684437,13.31843567,2.388463974,106.3426559,48.64004669,26.79218903,44.13360977,44.42187119,295.7029724,1
342.1318481,18.37760925,25.3120964,12.16684437,13.31843567,2.388463974,105.327449,47.50226669,26.56122208,43.93300247,44.21525803,293.6285217,1
342.1318481,18.17341385,24.88668289,12.16684437,13.11664123,2.627310371,105.0736466,46.93337631,26.56122208,44.13360977,44.42187119,294.9486206,1
341.8552612,17.96921844,24.67397614,12.16684437,12.9148468,2.388463974,109.895871,49.20893554,27.71605682,45.93907547,45.45493698,308.7154114,1
342.685022,17.35663223,25.09938965,11.97966213,13.11664123,2.627310371,110.9110748,49.49337997,27.71605682,46.34029007,45.45493698,313.9958191,1
345.727417,17.35663223,25.3120964,12.16684437,13.31843567,2.388463974,114.4642884,50.63115997,27.71605682,47.14271927,46.48800278,323.0479553,1
346.0039978,17.35663223,25.52480316,12.16684437,12.91484661,2.388463974,116.494696,50.63115997,27.71605682,47.94515152,46.48800278,330.0256348,1
344.6210937,17.35663223,25.09938965,11.7924799,13.11664104,2.388463974,118.7789047,51.20005035,27.94702415,47.74454346,46.48800278,333.9859497,1
341.8552612,17.35663223,25.3120964,11.23093319,13.31843567,2.388463974,123.0935272,52.05338363,28.63992615,48.94818878,47.52107239,347.9413208,1
342.4084351,17.15243645,25.52480316,11.23093319,12.91484661,2.388463974,125.3777374,52.90671692,28.87089348,49.55001068,47.93429871,355.6733521,1
342.1318481,17.15243645,24.67397614,11.23093319,13.11664104,2.388463974,128.1695435,54.32894058,28.87089348,50.35243988,48.55413818,363.0281982,1
346.5571594,16.33565331,24.88668289,11.23093319,12.51125774,2.388463974,131.4689637,54.8978302,28.87089348,50.75365448,49.17397766,374.5319519,1
356.2375305,17.35663223,25.52480316,11.60529766,13.31843567,2.388463974,131.9765655,54.04449463,29.10186043,50.95426178,48.9673645,378.3036804,1
367.0242188,17.35663223,25.95021591,11.97966213,13.31843567,2.388463974,137.0525879,55.18227539,30.02572823,52.15790558,50.20704346,395.0878296,1
376.9811707,17.35663223,26.37562866,12.16684437,13.92381954,2.388463974,139.5905975,55.75116501,30.02572823,52.35851288,50.8268837,406.4029968,1
384.7254639,17.35663223,26.58833504,12.16684437,14.12561417,2.388463974,141.1134033,55.75116501,30.02572823,52.55912018,50.62026978,410.551886,1
389.4273621,17.15243645,26.58833504,12.16684437,14.12561398,2.388463974,145.6818207,57.17338715,30.02572823,53.96337128,51.65333939,426.9588806,1
